JURISMETROPOLITANADEPTO,MUNICIPIO_HECHO,COMUNAS_ZONAS_DESCRIPCION,DESCRIPCION_CONDUCTA,BARRIOS_HECHO,FECHA_HECHO,MES_LARGO,DIA_SEMANA,INTERVALOS_HORA,HORA_HECHO,GENERO,MODALIDAD,PAIS_PERSONA,CARGO_PERSONA,CLASE_SITIO,ZONA,ARMAS_MEDIOS,EDAD,AGRUPA_EDAD_PERSONA,GRADO_INSTRUCCION_PERSONA,JURISESTACIONAREA,JURISCAI,MES,ANIO,DIA,LATITUD_Y,LONGITUD_X
M. BOGOTÁ,BOGOTÁ D.C. (CT),UPZ No. 93 LAS NIEVES ENO REPORTADO3,ARTÍCULO 239. HURTO PERSONAS,VERACRUZ ENO REPORTADO3,9/8/2019,Agosto,Viernes,18:00 NO REPORTADO 23:59,9:30:00 p. m.,MASCULINO,ATRACO,VENEZUELA,TURISTA EXTRANJERO,PARQUES,URBANA,ARMA BLANCA / CORTOPUNZANTE,19,ADULTOS,SECUNDARIA,ESTACION ENO REPORTADO03 SANTA FE,CAI COLSEGUROS ENO REPORTADO3,8,2019,9,"4,601635086","-74,06970504"
M. BOGOTÁ,BOGOTÁ D.C. (CT),UPZ No. 94 LA CANDELARIA ENO REPORTADO17,ARTÍCULO 239. HURTO PERSONAS,LA CATEDRAL ENO REPORTADO17,1/4/2019,Abril,Lunes,18:00 NO REPORTADO 23:59,8:30:00 p. m.,FEMENINO,ATRACO,NO REPORTADO,TURISTA EXTRANJERO,VIAS PUBLICAS,URBANA,ARMA BLANCA / CORTOPUNZANTE,20,ADULTOS,SUPERIOR,ESTACION ENO REPORTADO17 CANDELARIA,CAI ROSARIO ENO REPORTADO17,4,2019,1,"4,598116278","-74,07485298"
M. BOGOTÁ,BOGOTÁ D.C. (CT),UPZ No. 94 LA CANDELARIA ENO REPORTADO17,ARTÍCULO 239. HURTO PERSONAS,CANDELARIA ENO REPORTADO17,9/8/2019,Agosto,Viernes,00:00 NO REPORTADO 05:59,5:00:00 a. m.,MASCULINO,FACTOR DE OPORTUNIDAD,VENEZUELA,TURISTA EXTRANJERO,VIAS PUBLICAS,URBANA,SIN EMPLEO DE ARMAS,20,ADULTOS,SECUNDARIA,ESTACION ENO REPORTADO17 CANDELARIA,CAI ROSARIO ENO REPORTADO17,8,2019,9,"4,596988418","-74,06957093"
M. BOGOTÁ,BOGOTÁ D.C. (CT),UPZ No. 94 LA CANDELARIA ENO REPORTADO17,ARTÍCULO 239. HURTO PERSONAS,LA CONCORDIA ENO REPORTADO17,9/8/2019,Agosto,Viernes,18:00 NO REPORTADO 23:59,9:00:00 p. m.,FEMENINO,FACTOR DE OPORTUNIDAD,VENEZUELA,TURISTA EXTRANJERO,RESTAURANTES,URBANA,SIN EMPLEO DE ARMAS,20,ADULTOS,SUPERIOR,ESTACION ENO REPORTADO17 CANDELARIA,CAI ROSARIO ENO REPORTADO17,8,2019,9,"4,596988418","-74,06957093"
M. BOGOTÁ,BOGOTÁ D.C. (CT),UPZ No. 94 LA CANDELARIA ENO REPORTADO17,ARTÍCULO 239. HURTO PERSONAS,CANDELARIA ENO REPORTADO17,17/1/2019,Enero,Jueves,12:00 NO REPORTADO 17:59,4:30:00 p. m.,MASCULINO,ATRACO,VENEZUELA,TURISTA EXTRANJERO,VIAS PUBLICAS,URBANA,ARMA BLANCA / CORTOPUNZANTE,21,ADULTOS,SUPERIOR,ESTACION ENO REPORTADO17 CANDELARIA,CAI BOLIVIA ENO REPORTADO17,1,2019,17,"4,595336143","-74,07260719"
M. BOGOTÁ,BOGOTÁ D.C. (CT),UPZ No. 102 LA SABANA ENO REPORTADO14,ARTÍCULO 239. HURTO PERSONAS,SANTA FE ENO REPORTADO14,14/2/2020,Febrero,Viernes,12:00 NO REPORTADO 17:59,1:00:00 p. m.,MASCULINO,ATRACO,COLOMBIA,TURISTA EXTRANJERO,CEMENTERIO,URBANA,ARMA BLANCA / CORTOPUNZANTE,21,ADULTOS,SUPERIOR,ESTACION ENO REPORTADO14 MARTIRES,CAI SAMPER MENDOZA ENO REPORTADO14,2,2020,14,"4,616029014","-74,07559327"
M. BOGOTÁ,BOGOTÁ D.C. (CT),LOCALIDAD CHAPINERO,ARTÍCULO 239. HURTO PERSONAS,ANTIGUO COUNTRY ENO REPORTADO2,9/3/2021,Marzo,Martes,12:00 NO REPORTADO 17:59,3:00:00 p. m.,FEMENINO,FACTOR DE OPORTUNIDAD,COLOMBIA,TURISTA EXTRANJERO,ALMACENES,URBANA,SIN EMPLEO DE ARMAS,21,ADULTOS,SUPERIOR,ESTACION ENO REPORTADO02 CHAPINERO,CAI EL VIRREY ENO REPORTADO2,3,2021,9,"4,668521415","-74,05661932"
M. BOGOTÁ,BOGOTÁ D.C. (CT),LOCALIDAD SANTAFE,ARTÍCULO 239. HURTO PERSONAS,EGIPTO ENO REPORTADO3,14/11/2019,Noviembre,Jueves,12:00 NO REPORTADO 17:59,12:00:00 p. m.,MASCULINO,ATRACO,VENEZUELA,TURISTA EXTRANJERO,VIAS PUBLICAS,URBANA,ARMA BLANCA / CORTOPUNZANTE,21,ADULTOS,SUPERIOR,ESTACION ENO REPORTADO03 SANTA FE,CAI LOS LACHES ENO REPORTADO3,11,2019,14,"4,59204456","-74,06799457"
M. BOGOTÁ,BOGOTÁ D.C. (CT),UPZ No. 93 LAS NIEVES ENO REPORTADO3,ARTÍCULO 239. HURTO PERSONAS,LAS NIEVES ENO REPORTADO3,13/3/2019,Marzo,Miércoles,12:00 NO REPORTADO 17:59,2:30:00 p. m.,FEMENINO,COSQUILLEO,VENEZUELA,TURISTA EXTRANJERO,VIAS PUBLICAS,URBANA,SIN EMPLEO DE ARMAS,22,ADULTOS,SUPERIOR,ESTACION ENO REPORTADO03 SANTA FE,CAI TORRES BLANCAS ENO REPORTADO3,3,2019,13,"4,607797393","-74,0701752"
M. BOGOTÁ,BOGOTÁ D.C. (CT),UPZ No. 88 EL REFUGIO ENO REPORTADO2,ARTÍCULO 239. HURTO PERSONAS,EL NOGAL ENO REPORTADO2,3/5/2019,Mayo,Viernes,00:00 NO REPORTADO 05:59,3:00:00 a. m.,FEMENINO,COSQUILLEO,VENEZUELA,TURISTA EXTRANJERO,VIAS PUBLICAS,URBANA,SIN EMPLEO DE ARMAS,22,ADULTOS,SUPERIOR,ESTACION ENO REPORTADO02 CHAPINERO,CAI OXY ENO REPORTADO2,5,2019,3,"4,664835301","-74,05137483"
M. BOGOTÁ,BOGOTÁ D.C. (CT),TERMINAL DE TRANSPORTES,ARTÍCULO 239. HURTO PERSONAS,TERMINAL,23/6/2019,Junio,Domingo,06:00 NO REPORTADO 11:59,6:00:00 a. m.,MASCULINO,FACTOR DE OPORTUNIDAD,VENEZUELA,TURISTA EXTRANJERO,TERMINAL DE TRANSPORTES,URBANA,SIN EMPLEO DE ARMAS,22,ADULTOS,SECUNDARIA,ESTACION ENO REPORTADO22 TERMINAL DE TRANSPORTE,NO REPORTADO,6,2019,23,"4,654633822","-74,11438528"
M. BOGOTÁ,BOGOTÁ D.C. (CT),LOCALIDAD SANTAFE,ARTÍCULO 239. HURTO PERSONAS,CENTRO ENO REPORTADO3,13/7/2019,Julio,Sábado,12:00 NO REPORTADO 17:59,2:00:00 p. m.,MASCULINO,ATRACO,VENEZUELA,TURISTA EXTRANJERO,VIAS PUBLICAS,URBANA,ARMA BLANCA / CORTOPUNZANTE,22,ADULTOS,SUPERIOR,ESTACION ENO REPORTADO03 SANTA FE,CAI SAN VICTORINO ENO REPORTADO3,7,2019,13,"4,602121674","-74,07837931"
M. BOGOTÁ,BOGOTÁ D.C. (CT),UPZ No. 99 CHAPINERO ENO REPORTADO2,ARTÍCULO 239. HURTO PERSONAS,CHAPINERO CENTRAL ENO REPORTADO2,28/7/2019,Julio,Domingo,00:00 NO REPORTADO 05:59,2:00:00 a. m.,FEMENINO,COSQUILLEO,VENEZUELA,TURISTA EXTRANJERO,DISCOTECAS,URBANA,SIN EMPLEO DE ARMAS,22,ADULTOS,SUPERIOR,ESTACION ENO REPORTADO02 CHAPINERO,CAI CHAPINERO ENO REPORTADO2,7,2019,28,"4,64504173","-74,06365398"
M. BOGOTÁ,BOGOTÁ D.C. (CT),LOCALIDAD SANTAFE,ARTÍCULO 239. HURTO PERSONAS,CERRO MONSERRATE ENO REPORTADO3,20/4/2019,Abril,Sábado,06:00 NO REPORTADO 11:59,11:00:00 a. m.,FEMENINO,COSQUILLEO,VENEZUELA,TURISTA EXTRANJERO,VIAS PUBLICAS,URBANA,SIN EMPLEO DE ARMAS,23,ADULTOS,SUPERIOR,ESTACION ENO REPORTADO03 SANTA FE,CAI MONSERRATE ENO REPORTADO3,4,2019,20,"4,604886131","-74,05550543"
M. BOGOTÁ,BOGOTÁ D.C. (CT),UPZ No. 92 LA MACARENA ENO REPORTADO3,ARTÍCULO 239. HURTO PERSONAS,LAS AGUAS ENO REPORTADO3,23/4/2019,Abril,Martes,12:00 NO REPORTADO 17:59,1:00:00 p. m.,FEMENINO,RAPONAZO,VENEZUELA,TURISTA EXTRANJERO,VIAS PUBLICAS,URBANA,SIN EMPLEO DE ARMAS,23,ADULTOS,SUPERIOR,ESTACION ENO REPORTADO03 SANTA FE,CAI MONSERRATE ENO REPORTADO3,4,2019,23,"4,603316755","-74,06329993"
M. BOGOTÁ,BOGOTÁ D.C. (CT),UPZ No. 94 LA CANDELARIA ENO REPORTADO17,ARTÍCULO 239. HURTO PERSONAS,LA CATEDRAL ENO REPORTADO17,14/5/2019,Mayo,Martes,18:00 NO REPORTADO 23:59,11:00:00 p. m.,MASCULINO,ATRACO,VENEZUELA,TURISTA EXTRANJERO,VIAS PUBLICAS,URBANA,CONTUNDENTES,23,ADULTOS,SECUNDARIA,ESTACION ENO REPORTADO17 CANDELARIA,CAI ROSARIO ENO REPORTADO17,5,2019,14,"4,598694161","-74,07098714"
M. BOGOTÁ,BOGOTÁ D.C. (CT),UPZ No. 92 LA MACARENA ENO REPORTADO3,ARTÍCULO 239. HURTO PERSONAS,LAS AGUAS ENO REPORTADO3,2/6/2019,Junio,Domingo,12:00 NO REPORTADO 17:59,5:30:00 p. m.,FEMENINO,ATRACO,VENEZUELA,TURISTA EXTRANJERO,RODANDO SOBRE VIA NO REPORTADO VIA PUBLICA,URBANA,ARMA BLANCA / CORTOPUNZANTE,23,ADULTOS,SUPERIOR,ESTACION ENO REPORTADO03 SANTA FE,CAI TORRES BLANCAS ENO REPORTADO3,6,2019,2,"4,607859114","-74,06592849"
M. BOGOTÁ,BOGOTÁ D.C. (CT),UPZ No. 94 LA CANDELARIA ENO REPORTADO17,ARTÍCULO 239. HURTO PERSONAS,CANDELARIA ENO REPORTADO17,9/7/2019,Julio,Martes,12:00 NO REPORTADO 17:59,4:50:00 p. m.,MASCULINO,FACTOR DE OPORTUNIDAD,VENEZUELA,TURISTA EXTRANJERO,"HOTELES, RESIDENCIAS, Y SIMILARES.",URBANA,SIN EMPLEO DE ARMAS,23,ADULTOS,SUPERIOR,ESTACION ENO REPORTADO17 CANDELARIA,CAI BOLIVIA ENO REPORTADO17,7,2019,9,"4,596023255","-74,07198485"
M. BOGOTÁ,BOGOTÁ D.C. (CT),UPZ No. 93 LAS NIEVES ENO REPORTADO3,ARTÍCULO 239. HURTO PERSONAS,LAS NIEVES ENO REPORTADO3,14/7/2019,Julio,Domingo,12:00 NO REPORTADO 17:59,2:50:00 p. m.,MASCULINO,FACTOR DE OPORTUNIDAD,VENEZUELA,TURISTA EXTRANJERO,RESTAURANTES,URBANA,SIN EMPLEO DE ARMAS,23,ADULTOS,SUPERIOR,ESTACION ENO REPORTADO03 SANTA FE,CAI TORRES BLANCAS ENO REPORTADO3,7,2019,14,"4,605009115","-74,07040242"
M. BOGOTÁ,BOGOTÁ D.C. (CT),UPZ No. 94 LA CANDELARIA ENO REPORTADO17,ARTÍCULO 239. HURTO PERSONAS,LA CATEDRAL ENO REPORTADO17,1/2/2021,Febrero,Lunes,12:00 NO REPORTADO 17:59,4:30:00 p. m.,FEMENINO,FACTOR DE OPORTUNIDAD,COLOMBIA,TURISTA EXTRANJERO,"HOTELES, RESIDENCIAS, Y SIMILARES.",URBANA,SIN EMPLEO DE ARMAS,24,ADULTOS,SUPERIOR,ESTACION ENO REPORTADO17 CANDELARIA,CAI ROSARIO ENO REPORTADO17,2,2021,1,"4,597474619","-74,07325706"
M. BOGOTÁ,BOGOTÁ D.C. (CT),UPZ No. 93 LAS NIEVES ENO REPORTADO3,ARTÍCULO 239. HURTO PERSONAS,VERACRUZ ENO REPORTADO3,15/3/2021,Marzo,Lunes,06:00 NO REPORTADO 11:59,10:30:00 a. m.,FEMENINO,SUPL. DIJINNO REPORTADOSIJIN,NO REPORTADO,TURISTA EXTRANJERO,VIAS PUBLICAS,URBANA,SIN EMPLEO DE ARMAS,24,ADULTOS,SECUNDARIA,ESTACION ENO REPORTADO03 SANTA FE,CAI COLSEGUROS ENO REPORTADO3,3,2021,15,"4,601201969","-74,07028172"
M. BOGOTÁ,BOGOTÁ D.C. (CT),UPZ No. 94 LA CANDELARIA ENO REPORTADO17,ARTÍCULO 239. HURTO PERSONAS,LAS AGUAS ENO REPORTADO17,17/3/2021,Marzo,Miércoles,12:00 NO REPORTADO 17:59,1:00:00 p. m.,MASCULINO,SUPL. DIJINNO REPORTADOSIJIN,COLOMBIA,TURISTA EXTRANJERO,VIAS PUBLICAS,URBANA,SIN EMPLEO DE ARMAS,24,ADULTOS,SUPERIOR,ESTACION ENO REPORTADO17 CANDELARIA,CAI ROSARIO ENO REPORTADO17,3,2021,17,"4,60277898","-74,06539551"
M. BOGOTÁ,BOGOTÁ D.C. (CT),UPZ No. 94 LA CANDELARIA ENO REPORTADO17,ARTÍCULO 239. HURTO PERSONAS,LAS AGUAS ENO REPORTADO17,1/4/2019,Abril,Lunes,18:00 NO REPORTADO 23:59,9:00:00 p. m.,FEMENINO,FACTOR DE OPORTUNIDAD,VENEZUELA,TURISTA EXTRANJERO,"HOTELES, RESIDENCIAS, Y SIMILARES.",URBANA,SIN EMPLEO DE ARMAS,24,ADULTOS,SECUNDARIA,ESTACION ENO REPORTADO17 CANDELARIA,CAI ROSARIO ENO REPORTADO17,4,2019,1,"4,599450782","-74,06949315"
M. BOGOTÁ,BOGOTÁ D.C. (CT),UPZ No. 94 LA CANDELARIA ENO REPORTADO17,ARTÍCULO 239. HURTO PERSONAS,LAS AGUAS ENO REPORTADO17,9/4/2019,Abril,Martes,12:00 NO REPORTADO 17:59,1:30:00 p. m.,FEMENINO,ATRACO,VENEZUELA,TURISTA EXTRANJERO,VIAS PUBLICAS,URBANA,ARMA BLANCA / CORTOPUNZANTE,24,ADULTOS,SUPERIOR,ESTACION ENO REPORTADO17 CANDELARIA,CAI ROSARIO ENO REPORTADO17,4,2019,9,"4,599517621","-74,06565491"
M. BOGOTÁ,BOGOTÁ D.C. (CT),LOCALIDAD CHAPINERO,ARTÍCULO 239. HURTO PERSONAS,ANTIGUO COUNTRY ENO REPORTADO2,25/4/2019,Abril,Jueves,00:00 NO REPORTADO 05:59,4:00:00 a. m.,FEMENINO,ENGAÑO,VENEZUELA,TURISTA EXTRANJERO,"BARES, CANTINAS Y SIMILARES",URBANA,SIN EMPLEO DE ARMAS,24,ADULTOS,SUPERIOR,ESTACION ENO REPORTADO02 CHAPINERO,CAI EL VIRREY ENO REPORTADO2,4,2019,25,"4,670406256","-74,05551157"
M. BOGOTÁ,BOGOTÁ D.C. (CT),UPZ No. 94 LA CANDELARIA ENO REPORTADO17,ARTÍCULO 239. HURTO PERSONAS,LA CATEDRAL ENO REPORTADO17,5/5/2019,Mayo,Domingo,12:00 NO REPORTADO 17:59,5:30:00 p. m.,MASCULINO,RAPONAZO,VENEZUELA,TURISTA EXTRANJERO,VIAS PUBLICAS,URBANA,SIN EMPLEO DE ARMAS,24,ADULTOS,SUPERIOR,ESTACION ENO REPORTADO17 CANDELARIA,CAI ROSARIO ENO REPORTADO17,5,2019,5,"4,600257809","-74,07294593"
M. BOGOTÁ,BOGOTÁ D.C. (CT),UPZ No. 14 USAQUEN ENO REPORTADO1,ARTÍCULO 239. HURTO PERSONAS,SAN GABRIEL NORTE ENO REPORTADO1,13/5/2019,Mayo,Lunes,18:00 NO REPORTADO 23:59,6:00:00 p. m.,MASCULINO,RAPONAZO,COLOMBIA,TURISTA EXTRANJERO,TRANSPORTE PÚBLICO,URBANA,SIN EMPLEO DE ARMAS,24,ADULTOS,SUPERIOR,ESTACION ENO REPORTADO01 USAQUEN,CAI LISBOA ENO REPORTADO1,5,2019,13,"4,702439552","-74,0283247"
M. BOGOTÁ,BOGOTÁ D.C. (CT),UPZ No. 11 SAN CRISTOBAL NORTE ENO REPORTADO1,ARTÍCULO 239. HURTO PERSONAS,CIUDAD SALITRE ENO REPORTADO9,5/6/2019,Junio,Miércoles,06:00 NO REPORTADO 11:59,11:00:00 a. m.,MASCULINO,RAPONAZO,VENEZUELA,TURISTA EXTRANJERO,VIAS PUBLICAS,URBANA,SIN EMPLEO DE ARMAS,24,ADULTOS,SUPERIOR,ESTACION ENO REPORTADO09 FONTIBON,CAI SALITRE ENO REPORTADO9,6,2019,5,"4,651832132","-74,11238972"
M. BOGOTÁ,BOGOTÁ D.C. (CT),AEROPUERTO,ARTÍCULO 239. HURTO PERSONAS,AEROPUERTO EL DORADO,17/7/2019,Julio,Miércoles,12:00 NO REPORTADO 17:59,3:30:00 p. m.,MASCULINO,FACTOR DE OPORTUNIDAD,VENEZUELA,TURISTA EXTRANJERO,AEROPUERTO,URBANA,CONTUNDENTES,24,ADULTOS,SUPERIOR,ESTACION ENO REPORTADO21 AEROPUERTO,NO REPORTADO,7,2019,17,"4,690477357","-74,1337401"
M. BOGOTÁ,BOGOTÁ D.C. (CT),UPZ No. 92 LA MACARENA ENO REPORTADO3,ARTÍCULO 239. HURTO PERSONAS,LAS AGUAS ENO REPORTADO3,17/7/2019,Julio,Miércoles,12:00 NO REPORTADO 17:59,4:30:00 p. m.,FEMENINO,ATRACO,VENEZUELA,TURISTA EXTRANJERO,VIAS PUBLICAS,URBANA,SIN EMPLEO DE ARMAS,24,ADULTOS,SECUNDARIA,ESTACION ENO REPORTADO03 SANTA FE,CAI MONSERRATE ENO REPORTADO3,7,2019,17,"4,606304365","-74,06517966"
M. BOGOTÁ,BOGOTÁ D.C. (CT),UPZ No. 75 FONTIBON ENO REPORTADO9,ARTÍCULO 239. HURTO PERSONAS,FONTIBON CENTRO ENO REPORTADO9,21/7/2019,Julio,Domingo,00:00 NO REPORTADO 05:59,1:00:00 a. m.,MASCULINO,FACTOR DE OPORTUNIDAD,VENEZUELA,TURISTA EXTRANJERO,VIAS PUBLICAS,URBANA,SIN EMPLEO DE ARMAS,24,ADULTOS,SUPERIOR,ESTACION ENO REPORTADO09 FONTIBON,CAI MODELIA ENO REPORTADO9,7,2019,21,"4,666344488","-74,12429145"
M. BOGOTÁ,BOGOTÁ D.C. (CT),UPZ No. 94 LA CANDELARIA ENO REPORTADO17,ARTÍCULO 239. HURTO PERSONAS,LA CATEDRAL ENO REPORTADO17,28/7/2019,Julio,Domingo,12:00 NO REPORTADO 17:59,2:50:00 p. m.,FEMENINO,COSQUILLEO,VENEZUELA,TURISTA EXTRANJERO,VIAS PUBLICAS,URBANA,SIN EMPLEO DE ARMAS,24,ADULTOS,SUPERIOR,ESTACION ENO REPORTADO17 CANDELARIA,CAI BOLIVIA ENO REPORTADO17,7,2019,28,"4,599068461","-74,07518211"
M. BOGOTÁ,BOGOTÁ D.C. (CT),UPZ No. 94 LA CANDELARIA ENO REPORTADO17,ARTÍCULO 239. HURTO PERSONAS,CENTRO ADMINISTRATIVO ENO REPORTADO17,22/3/2019,Marzo,Viernes,18:00 NO REPORTADO 23:59,10:30:00 p. m.,MASCULINO,USO SUSTANCIAS TOXICAS / ESCOPOLAMINADO,VENEZUELA,TURISTA EXTRANJERO,VIAS PUBLICAS,URBANA,ESCOPOLAMINA,25,ADULTOS,SUPERIOR,ESTACION ENO REPORTADO17 CANDELARIA,CAI BOLIVIA ENO REPORTADO17,3,2019,22,"4,596031276","-74,07211367"
M. BOGOTÁ,BOGOTÁ D.C. (CT),UPZ No. 94 LA CANDELARIA ENO REPORTADO17,ARTÍCULO 239. HURTO PERSONAS,LA CONCORDIA ENO REPORTADO17,7/4/2019,Abril,Domingo,18:00 NO REPORTADO 23:59,7:00:00 p. m.,MASCULINO,RAPONAZO,VENEZUELA,TURISTA EXTRANJERO,VIAS PUBLICAS,URBANA,SIN EMPLEO DE ARMAS,25,ADULTOS,TECNICO,ESTACION ENO REPORTADO17 CANDELARIA,CAI ROSARIO ENO REPORTADO17,4,2019,7,"4,598271736","-74,06973723"
M. BOGOTÁ,BOGOTÁ D.C. (CT),UPZ No. 92 LA MACARENA ENO REPORTADO3,ARTÍCULO 239. HURTO PERSONAS,LAS AGUAS ENO REPORTADO3,8/4/2019,Abril,Lunes,12:00 NO REPORTADO 17:59,3:00:00 p. m.,MASCULINO,FACTOR DE OPORTUNIDAD,VENEZUELA,TURISTA EXTRANJERO,BUS TRANSMILENIO,URBANA,SIN EMPLEO DE ARMAS,25,ADULTOS,SUPERIOR,ESTACION ENO REPORTADO03 SANTA FE,CAI TORRES BLANCAS ENO REPORTADO3,4,2019,8,"4,604511834","-74,06745735"
M. BOGOTÁ,BOGOTÁ D.C. (CT),UPZ No. 94 LA CANDELARIA ENO REPORTADO17,ARTÍCULO 239. HURTO PERSONAS,EGIPTO ENO REPORTADO17,21/4/2019,Abril,Domingo,12:00 NO REPORTADO 17:59,3:00:00 p. m.,FEMENINO,ATRACO,VENEZUELA,TURISTA EXTRANJERO,VIAS PUBLICAS,URBANA,ARMA BLANCA / CORTOPUNZANTE,25,ADULTOS,SUPERIOR,ESTACION ENO REPORTADO17 CANDELARIA,CAI ROSARIO ENO REPORTADO17,4,2019,21,"4,596298634","-74,07046143"
M. BOGOTÁ,BOGOTÁ D.C. (CT),UPZ No. 99 CHAPINERO ENO REPORTADO2,ARTÍCULO 239. HURTO PERSONAS,CHAPINERO CENTRAL ENO REPORTADO2,28/5/2019,Mayo,Martes,18:00 NO REPORTADO 23:59,10:15:00 p. m.,MASCULINO,ATRACO,VENEZUELA,TURISTA EXTRANJERO,VIAS PUBLICAS,URBANA,CONTUNDENTES,25,ADULTOS,SUPERIOR,ESTACION ENO REPORTADO02 CHAPINERO,CAI LOURDES ENO REPORTADO2,5,2019,28,"4,649415398","-74,06449619"
M. BOGOTÁ,BOGOTÁ D.C. (CT),UPZ No. 93 LAS NIEVES ENO REPORTADO3,ARTÍCULO 239. HURTO PERSONAS,VERACRUZ ENO REPORTADO3,14/8/2019,Agosto,Miércoles,06:00 NO REPORTADO 11:59,11:10:00 a. m.,MASCULINO,ATRACO,VENEZUELA,TURISTA EXTRANJERO,VIAS PUBLICAS,URBANA,ARMA BLANCA / CORTOPUNZANTE,25,ADULTOS,SUPERIOR,ESTACION ENO REPORTADO03 SANTA FE,CAI COLSEGUROS ENO REPORTADO3,8,2019,14,"4,601386054","-74,06949124"
M. BOGOTÁ,BOGOTÁ D.C. (CT),UPZ No. 94 LA CANDELARIA ENO REPORTADO17,ARTÍCULO 239. HURTO PERSONAS,LA CONCORDIA ENO REPORTADO17,13/1/2020,Enero,Lunes,12:00 NO REPORTADO 17:59,1:30:00 p. m.,FEMENINO,FACTOR DE OPORTUNIDAD,ESTADOS UNIDOS,TURISTA EXTRANJERO,LOCAL COMERCIAL,URBANA,SIN EMPLEO DE ARMAS,26,ADULTOS,SECUNDARIA,ESTACION ENO REPORTADO17 CANDELARIA,CAI ROSARIO ENO REPORTADO17,1,2020,13,"4,59910989","-74,06936743"
M. BOGOTÁ,BOGOTÁ D.C. (CT),UPZ No. 95 LAS CRUCES ENO REPORTADO3,ARTÍCULO 239. HURTO PERSONAS,LAS CRUCES ENO REPORTADO3,28/3/2019,Marzo,Jueves,06:00 NO REPORTADO 11:59,10:30:00 a. m.,MASCULINO,SUPL. DIJINNO REPORTADOSIJIN,VENEZUELA,TURISTA EXTRANJERO,VIAS PUBLICAS,URBANA,SIN EMPLEO DE ARMAS,26,ADULTOS,SUPERIOR,ESTACION ENO REPORTADO03 SANTA FE,CAI LAS CRUCES ENO REPORTADO3,3,2019,28,"4,589432839","-74,07799307"
M. BOGOTÁ,BOGOTÁ D.C. (CT),UPZ No. 92 LA MACARENA ENO REPORTADO3,ARTÍCULO 239. HURTO PERSONAS,LAS AGUAS ENO REPORTADO3,28/4/2019,Abril,Domingo,12:00 NO REPORTADO 17:59,1:15:00 p. m.,MASCULINO,FACTOR DE OPORTUNIDAD,COLOMBIA,TURISTA EXTRANJERO,VIAS PUBLICAS,URBANA,ARMA BLANCA / CORTOPUNZANTE,26,ADULTOS,SUPERIOR,ESTACION ENO REPORTADO03 SANTA FE,CAI COLSEGUROS ENO REPORTADO3,4,2019,28,"4,602148522","-74,06851465"
M. BOGOTÁ,BOGOTÁ D.C. (CT),UPZ No. 99 CHAPINERO ENO REPORTADO2,ARTÍCULO 239. HURTO PERSONAS,CHAPINERO CENTRAL ENO REPORTADO2,2/6/2019,Junio,Domingo,00:00 NO REPORTADO 05:59,3:30:00 a. m.,FEMENINO,COSQUILLEO,VENEZUELA,TURISTA EXTRANJERO,DISCOTECAS,URBANA,SIN EMPLEO DE ARMAS,26,ADULTOS,SUPERIOR,ESTACION ENO REPORTADO02 CHAPINERO,CAI CHAPINERO ENO REPORTADO2,6,2019,2,"4,645073811","-74,06386319"
M. BOGOTÁ,BOGOTÁ D.C. (CT),UPZ No. 93 LAS NIEVES ENO REPORTADO3,ARTÍCULO 239. HURTO PERSONAS,LAS NIEVES ENO REPORTADO3,8/5/2019,Mayo,Miércoles,18:00 NO REPORTADO 23:59,9:30:00 p. m.,MASCULINO,ATRACO,VENEZUELA,TURISTA EXTRANJERO,VIAS PUBLICAS,URBANA,ARMA BLANCA / CORTOPUNZANTE,27,ADULTOS,SUPERIOR,ESTACION ENO REPORTADO03 SANTA FE,CAI TORRES BLANCAS ENO REPORTADO3,5,2019,8,"4,603720462","-74,06888429"
M. BOGOTÁ,BOGOTÁ D.C. (CT),UPZ No. 10 LA URIBE ENO REPORTADO1,ARTÍCULO 239. HURTO PERSONAS,EL CAMPIN ENO REPORTADO13,15/5/2019,Mayo,Miércoles,18:00 NO REPORTADO 23:59,7:00:00 p. m.,MASCULINO,ATRACO,VENEZUELA,TURISTA EXTRANJERO,VIAS PUBLICAS,URBANA,CONTUNDENTES,27,ADULTOS,SUPERIOR,ESTACION ENO REPORTADO13 TEUSAQUILLO,CAI SAN LUIS ENO REPORTADO13,5,2019,15,"4,647851077","-74,07412073"
M. BOGOTÁ,BOGOTÁ D.C. (CT),UPZ No. 99 CHAPINERO ENO REPORTADO2,ARTÍCULO 239. HURTO PERSONAS,CHAPINERO NORTE ENO REPORTADO2,18/5/2019,Mayo,Sábado,00:00 NO REPORTADO 05:59,3:00:00 a. m.,FEMENINO,ATRACO,VENEZUELA,TURISTA EXTRANJERO,"BARES, CANTINAS Y SIMILARES",URBANA,ARMA BLANCA / CORTOPUNZANTE,27,ADULTOS,SUPERIOR,ESTACION ENO REPORTADO02 CHAPINERO,CAI LOURDES ENO REPORTADO2,5,2019,18,"4,650495444","-74,06321946"
M. BOGOTÁ,BOGOTÁ D.C. (CT),UPZ No. 94 LA CANDELARIA ENO REPORTADO17,ARTÍCULO 239. HURTO PERSONAS,CENTRO ADMINISTRATIVO ENO REPORTADO17,9/7/2019,Julio,Martes,12:00 NO REPORTADO 17:59,1:00:00 p. m.,MASCULINO,FACTOR DE OPORTUNIDAD,VENEZUELA,TURISTA EXTRANJERO,CAFETERIAS,URBANA,SIN EMPLEO DE ARMAS,27,ADULTOS,SUPERIOR,ESTACION ENO REPORTADO17 CANDELARIA,CAI BOLIVIA ENO REPORTADO17,7,2019,9,"4,595122257","-74,07357279"
M. BOGOTÁ,BOGOTÁ D.C. (CT),UPZ No. 94 LA CANDELARIA ENO REPORTADO17,ARTÍCULO 239. HURTO PERSONAS,LA CONCORDIA ENO REPORTADO17,29/7/2019,Julio,Lunes,12:00 NO REPORTADO 17:59,1:30:00 p. m.,MASCULINO,RAPONAZO,VENEZUELA,TURISTA EXTRANJERO,VIAS PUBLICAS,RURAL,SIN EMPLEO DE ARMAS,27,ADULTOS,SUPERIOR,ESTACION ENO REPORTADO17 CANDELARIA,CAI ROSARIO ENO REPORTADO17,7,2019,29,"4,597945559","-74,06918469"
M. BOGOTÁ,BOGOTÁ D.C. (CT),UPZ No. 84 BOSA OCCIDENTAL ENO REPORTADO7,ARTÍCULO 239. HURTO PERSONAS,LA PAZ ENO REPORTADO7,27/9/2021,Septiembre,Lunes,12:00 NO REPORTADO 17:59,3:00:00 p. m.,FEMENINO,ATRACO,NO REPORTADO,TURISTA EXTRANJERO,VIAS PUBLICAS,URBANA,ARMA DE FUEGO,27,ADULTOS,SECUNDARIA,ESTACION ENO REPORTADO03 SANTA FE,CAI MONSERRATE ENO REPORTADO3,9,2021,27,"4,606893575","-74,06550548"
M. BOGOTÁ,BOGOTÁ D.C. (CT),UPZ No. 94 LA CANDELARIA ENO REPORTADO17,ARTÍCULO 239. HURTO PERSONAS,LA CATEDRAL ENO REPORTADO17,14/11/2019,Noviembre,Jueves,06:00 NO REPORTADO 11:59,11:20:00 a. m.,MASCULINO,ATRACO,COLOMBIA,TURISTA EXTRANJERO,VIAS PUBLICAS,URBANA,ARMA DE FUEGO,27,ADULTOS,SUPERIOR,ESTACION ENO REPORTADO17 CANDELARIA,CAI ROSARIO ENO REPORTADO17,11,2019,14,"4,597263406","-74,07363257"
M. BOGOTÁ,BOGOTÁ D.C. (CT),UPZ No. 94 LA CANDELARIA ENO REPORTADO17,ARTÍCULO 239. HURTO PERSONAS,CENTRO ADMINISTRATIVO ENO REPORTADO17,25/2/2020,Febrero,Martes,12:00 NO REPORTADO 17:59,3:30:00 p. m.,FEMENINO,COSQUILLEO,HOLANDA,TURISTA EXTRANJERO,VIAS PUBLICAS,URBANA,SIN EMPLEO DE ARMAS,28,ADULTOS,SUPERIOR,ESTACION ENO REPORTADO17 CANDELARIA,CAI BOLIVIA ENO REPORTADO17,2,2020,25,"4,59909733","-74,07848697"
M. BOGOTÁ,BOGOTÁ D.C. (CT),UPZ No. 94 LA CANDELARIA ENO REPORTADO17,ARTÍCULO 239. HURTO PERSONAS,LA CATEDRAL ENO REPORTADO17,26/2/2020,Febrero,Miércoles,18:00 NO REPORTADO 23:59,9:30:00 p. m.,FEMENINO,ATRACO,ESTADOS UNIDOS,TURISTA EXTRANJERO,VIAS PUBLICAS,URBANA,SIN EMPLEO DE ARMAS,28,ADULTOS,SUPERIOR,ESTACION ENO REPORTADO17 CANDELARIA,CAI ROSARIO ENO REPORTADO17,2,2020,26,"4,598116278","-74,07485298"
M. BOGOTÁ,BOGOTÁ D.C. (CT),TERMINAL DE TRANSPORTES,ARTÍCULO 239. HURTO PERSONAS,TERMINAL,9/5/2019,Mayo,Jueves,12:00 NO REPORTADO 17:59,3:30:00 p. m.,MASCULINO,FACTOR DE OPORTUNIDAD,VENEZUELA,TURISTA EXTRANJERO,CAFETERIAS,URBANA,SIN EMPLEO DE ARMAS,28,ADULTOS,SUPERIOR,ESTACION ENO REPORTADO22 TERMINAL DE TRANSPORTE,NO REPORTADO,5,2019,9,"4,653414767","-74,11495391"
M. BOGOTÁ,BOGOTÁ D.C. (CT),UPZ No. 94 LA CANDELARIA ENO REPORTADO17,ARTÍCULO 239. HURTO PERSONAS,LAS AGUAS ENO REPORTADO17,27/5/2019,Mayo,Lunes,12:00 NO REPORTADO 17:59,12:00:00 p. m.,FEMENINO,ATRACO,VENEZUELA,TURISTA EXTRANJERO,VIAS PUBLICAS,URBANA,ARMA BLANCA / CORTOPUNZANTE,28,ADULTOS,SUPERIOR,ESTACION ENO REPORTADO17 CANDELARIA,CAI ROSARIO ENO REPORTADO17,5,2019,27,"4,603046726","-74,06347159"
M. BOGOTÁ,BOGOTÁ D.C. (CT),UPZ No. 91 SAGRADO CORAZON ENO REPORTADO3,ARTÍCULO 239. HURTO PERSONAS,SAN DIEGO ENO REPORTADO3,12/6/2019,Junio,Miércoles,18:00 NO REPORTADO 23:59,9:00:00 p. m.,MASCULINO,COSQUILLEO,VENEZUELA,TURISTA EXTRANJERO,ESTACION TRANSMILENIO SAN DIEGO,URBANA,SIN EMPLEO DE ARMAS,28,ADULTOS,SUPERIOR,ESTACION ENO REPORTADO03 SANTA FE,CAI SAN DIEGO ENO REPORTADO3,6,2019,12,"4,609794754","-74,07187763"
M. BOGOTÁ,BOGOTÁ D.C. (CT),UPZ No. 94 LA CANDELARIA ENO REPORTADO17,ARTÍCULO 239. HURTO PERSONAS,CANDELARIA ENO REPORTADO17,9/8/2019,Agosto,Viernes,00:00 NO REPORTADO 05:59,5:00:00 a. m.,MASCULINO,FACTOR DE OPORTUNIDAD,VENEZUELA,TURISTA EXTRANJERO,VIAS PUBLICAS,URBANA,SIN EMPLEO DE ARMAS,28,ADULTOS,SECUNDARIA,ESTACION ENO REPORTADO17 CANDELARIA,CAI ROSARIO ENO REPORTADO17,8,2019,9,"4,598779715","-74,07064382"
M. BOGOTÁ,BOGOTÁ D.C. (CT),UPZ No. 94 LA CANDELARIA ENO REPORTADO17,ARTÍCULO 239. HURTO PERSONAS,CANDELARIA ENO REPORTADO17,19/8/2019,Agosto,Lunes,12:00 NO REPORTADO 17:59,1:00:00 p. m.,MASCULINO,COSQUILLEO,VENEZUELA,TURISTA EXTRANJERO,VIAS PUBLICAS,URBANA,SIN EMPLEO DE ARMAS,28,ADULTOS,SUPERIOR,ESTACION ENO REPORTADO17 CANDELARIA,CAI BOLIVIA ENO REPORTADO17,8,2019,19,"4,59846958","-74,07617453"
M. BOGOTÁ,BOGOTÁ D.C. (CT),UPZ No. 94 LA CANDELARIA ENO REPORTADO17,ARTÍCULO 239. HURTO PERSONAS,CANDELARIA ENO REPORTADO17,17/1/2019,Enero,Jueves,18:00 NO REPORTADO 23:59,10:30:00 p. m.,MASCULINO,ATRACO,VENEZUELA,TURISTA EXTRANJERO,VIAS PUBLICAS,URBANA,ARMA BLANCA / CORTOPUNZANTE,29,ADULTOS,SUPERIOR,ESTACION ENO REPORTADO17 CANDELARIA,CAI ROSARIO ENO REPORTADO17,1,2019,17,"4,599250264","-74,06960312"
M. BOGOTÁ,BOGOTÁ D.C. (CT),UPZ No. 92 LA MACARENA ENO REPORTADO3,ARTÍCULO 239. HURTO PERSONAS,LAS AGUAS ENO REPORTADO3,29/1/2021,Enero,Viernes,18:00 NO REPORTADO 23:59,7:30:00 p. m.,FEMENINO,ATRACO,COLOMBIA,TURISTA EXTRANJERO,VIAS PUBLICAS,URBANA,ARMA BLANCA / CORTOPUNZANTE,29,ADULTOS,SUPERIOR,ESTACION ENO REPORTADO17 CANDELARIA,CAI ROSARIO ENO REPORTADO17,1,2021,29,"4,600159205","-74,06796453"
M. BOGOTÁ,BOGOTÁ D.C. (CT),UPZ No. 93 LAS NIEVES ENO REPORTADO3,ARTÍCULO 239. HURTO PERSONAS,LA CAPUCHINA ENO REPORTADO3,2/3/2021,Marzo,Martes,06:00 NO REPORTADO 11:59,10:30:00 a. m.,MASCULINO,ENGAÑO,NO REPORTADO,TURISTA EXTRANJERO,VIAS PUBLICAS,URBANA,SIN EMPLEO DE ARMAS,29,ADULTOS,SECUNDARIA,ESTACION ENO REPORTADO03 SANTA FE,CAI COLSEGUROS ENO REPORTADO3,3,2021,2,"4,60312751","-74,07911501"
M. BOGOTÁ,BOGOTÁ D.C. (CT),UPZ No. 93 LAS NIEVES ENO REPORTADO3,ARTÍCULO 239. HURTO PERSONAS,LAS NIEVES ENO REPORTADO3,28/4/2019,Abril,Domingo,00:00 NO REPORTADO 05:59,1:00:00 a. m.,MASCULINO,ATRACO,VENEZUELA,TURISTA EXTRANJERO,VIAS PUBLICAS,URBANA,ARMA BLANCA / CORTOPUNZANTE,29,ADULTOS,SUPERIOR,ESTACION ENO REPORTADO03 SANTA FE,CAI TORRES BLANCAS ENO REPORTADO3,4,2019,28,"4,603736175","-74,06898588"
M. BOGOTÁ,BOGOTÁ D.C. (CT),UPZ No. 94 LA CANDELARIA ENO REPORTADO17,ARTÍCULO 239. HURTO PERSONAS,LA CATEDRAL ENO REPORTADO17,15/5/2019,Mayo,Miércoles,12:00 NO REPORTADO 17:59,1:30:00 p. m.,FEMENINO,FACTOR DE OPORTUNIDAD,NO REPORTADO,TURISTA EXTRANJERO,RESTAURANTES,URBANA,SIN EMPLEO DE ARMAS,29,ADULTOS,SUPERIOR,ESTACION ENO REPORTADO17 CANDELARIA,CAI ROSARIO ENO REPORTADO17,5,2019,15,"4,598025767","-74,07283786"
M. BOGOTÁ,BOGOTÁ D.C. (CT),UPZ No. 94 LA CANDELARIA ENO REPORTADO17,ARTÍCULO 239. HURTO PERSONAS,LA CATEDRAL ENO REPORTADO17,15/5/2019,Mayo,Miércoles,12:00 NO REPORTADO 17:59,1:30:00 p. m.,MASCULINO,FACTOR DE OPORTUNIDAD,VENEZUELA,TURISTA EXTRANJERO,RESTAURANTES,URBANA,SIN EMPLEO DE ARMAS,29,ADULTOS,SUPERIOR,ESTACION ENO REPORTADO17 CANDELARIA,CAI ROSARIO ENO REPORTADO17,5,2019,15,"4,598025767","-74,07283786"
M. BOGOTÁ,BOGOTÁ D.C. (CT),UPZ No. 97 CHICO LAGO ENO REPORTADO2,ARTÍCULO 239. HURTO PERSONAS,EL RETIRO ENO REPORTADO2,17/7/2019,Julio,Miércoles,00:00 NO REPORTADO 05:59,4:00:00 a. m.,MASCULINO,USO SUSTANCIAS TOXICAS / ESCOPOLAMINADO,VENEZUELA,TURISTA EXTRANJERO,VIAS PUBLICAS,URBANA,ESCOPOLAMINA,29,ADULTOS,SUPERIOR,ESTACION ENO REPORTADO02 CHAPINERO,CAI OXY ENO REPORTADO2,7,2019,17,"4,667658325","-74,05131582"
M. BOGOTÁ,BOGOTÁ D.C. (CT),UPZ No. 99 CHAPINERO ENO REPORTADO2,ARTÍCULO 239. HURTO PERSONAS,CHAPINERO NORTE ENO REPORTADO2,1/10/2021,Octubre,Viernes,06:00 NO REPORTADO 11:59,9:34:00 a. m.,MASCULINO,USO SUSTANCIAS TOXICAS / ESCOPOLAMINADO,COLOMBIA,TURISTA EXTRANJERO,DENTRO DE LA VIVIENDA,URBANA,ESCOPOLAMINA,29,ADULTOS,SUPERIOR,ESTACION ENO REPORTADO02 CHAPINERO,CAI LOURDES ENO REPORTADO2,10,2021,1,"4,650591685","-74,06427625"
M. BOGOTÁ,BOGOTÁ D.C. (CT),UPZ No. 94 LA CANDELARIA ENO REPORTADO17,ARTÍCULO 239. HURTO PERSONAS,CENTRO ADMINISTRATIVO ENO REPORTADO17,20/2/2019,Febrero,Miércoles,06:00 NO REPORTADO 11:59,11:30:00 a. m.,MASCULINO,COSQUILLEO,COLOMBIA,TURISTA EXTRANJERO,VIAS PUBLICAS,URBANA,SIN EMPLEO DE ARMAS,30,ADULTOS,SUPERIOR,ESTACION ENO REPORTADO17 CANDELARIA,CAI BOLIVIA ENO REPORTADO17,2,2019,20,"4,59850701","-74,07769534"
M. BOGOTÁ,BOGOTÁ D.C. (CT),UPZ No. 98 LOS ALCAZARES ENO REPORTADO12,ARTÍCULO 239. HURTO PERSONAS,COLOMBIA ENO REPORTADO12,3/2/2020,Febrero,Lunes,00:00 NO REPORTADO 05:59,5:30:00 a. m.,MASCULINO,ATRACO,ESTADOS UNIDOS,TURISTA EXTRANJERO,APARTAMENTO,URBANA,ESCOPOLAMINA,30,ADULTOS,SUPERIOR,ESTACION ENO REPORTADO12 BARRIOS UNIDOS,CAI ALCAZARES ENO REPORTADO12,2,2020,3,"4,661185813","-74,06517288"
M. BOGOTÁ,BOGOTÁ D.C. (CT),UPZ No. 102 LA SABANA ENO REPORTADO14,ARTÍCULO 239. HURTO PERSONAS,SANTA FE ENO REPORTADO14,29/2/2020,Febrero,Sábado,00:00 NO REPORTADO 05:59,3:00:00 a. m.,MASCULINO,ENGAÑO,HOLANDA,TURISTA EXTRANJERO,"HOTELES, RESIDENCIAS, Y SIMILARES.",URBANA,SIN EMPLEO DE ARMAS,30,ADULTOS,SECUNDARIA,ESTACION ENO REPORTADO14 MARTIRES,CAI SAMPER MENDOZA ENO REPORTADO14,2,2020,29,"4,612839511","-74,07528481"
M. BOGOTÁ,BOGOTÁ D.C. (CT),UPZ No. 92 LA MACARENA ENO REPORTADO3,ARTÍCULO 239. HURTO PERSONAS,LAS AGUAS ENO REPORTADO3,10/2/2021,Febrero,Miércoles,12:00 NO REPORTADO 17:59,4:30:00 p. m.,MASCULINO,ATRACO,NO REPORTADO,TURISTA EXTRANJERO,VIAS PUBLICAS,URBANA,ARMA BLANCA / CORTOPUNZANTE,30,ADULTOS,SUPERIOR,ESTACION ENO REPORTADO03 SANTA FE,CAI MONSERRATE ENO REPORTADO3,2,2021,10,"4,603663927","-74,06453988"
M. BOGOTÁ,BOGOTÁ D.C. (CT),UPZ No. 99 CHAPINERO ENO REPORTADO2,ARTÍCULO 239. HURTO PERSONAS,CHAPINERO CENTRAL ENO REPORTADO2,21/5/2019,Mayo,Martes,12:00 NO REPORTADO 17:59,1:00:00 p. m.,MASCULINO,COSQUILLEO,VENEZUELA,TURISTA EXTRANJERO,VIAS PUBLICAS,URBANA,SIN EMPLEO DE ARMAS,30,ADULTOS,SUPERIOR,ESTACION ENO REPORTADO02 CHAPINERO,CAI LOURDES ENO REPORTADO2,5,2019,21,"4,649549067","-74,06448546"
M. BOGOTÁ,BOGOTÁ D.C. (CT),UPZ No. 94 LA CANDELARIA ENO REPORTADO17,ARTÍCULO 239. HURTO PERSONAS,CANDELARIA ENO REPORTADO17,30/6/2019,Junio,Domingo,18:00 NO REPORTADO 23:59,8:00:00 p. m.,FEMENINO,COSQUILLEO,VENEZUELA,TURISTA EXTRANJERO,VIAS PUBLICAS,URBANA,SIN EMPLEO DE ARMAS,30,ADULTOS,SUPERIOR,ESTACION ENO REPORTADO17 CANDELARIA,CAI BOLIVIA ENO REPORTADO17,6,2019,30,"4,597769103","-74,07597068"
M. BOGOTÁ,BOGOTÁ D.C. (CT),UPZ No. 94 LA CANDELARIA ENO REPORTADO17,ARTÍCULO 239. HURTO PERSONAS,EGIPTO ENO REPORTADO17,16/7/2019,Julio,Martes,12:00 NO REPORTADO 17:59,1:00:00 p. m.,FEMENINO,ATRACO,VENEZUELA,TURISTA EXTRANJERO,VIAS PUBLICAS,URBANA,SIN EMPLEO DE ARMAS,30,ADULTOS,SUPERIOR,ESTACION ENO REPORTADO17 CANDELARIA,CAI ROSARIO ENO REPORTADO17,7,2019,16,"4,592603733","-74,06843636"
M. BOGOTÁ,BOGOTÁ D.C. (CT),UPZ No. 94 LA CANDELARIA ENO REPORTADO17,ARTÍCULO 239. HURTO PERSONAS,LA CATEDRAL ENO REPORTADO17,30/9/2021,Septiembre,Jueves,12:00 NO REPORTADO 17:59,2:30:00 p. m.,FEMENINO,FACTOR DE OPORTUNIDAD,COLOMBIA,TURISTA EXTRANJERO,LOCAL COMERCIAL,URBANA,SIN EMPLEO DE ARMAS,30,ADULTOS,SUPERIOR,ESTACION ENO REPORTADO03 SANTA FE,CAI COLSEGUROS ENO REPORTADO3,9,2021,30,"4,601512102","-74,0733153"
M. BOGOTÁ,BOGOTÁ D.C. (CT),UPZ No. 93 LAS NIEVES ENO REPORTADO3,ARTÍCULO 239. HURTO PERSONAS,LAS NIEVES ENO REPORTADO3,15/2/2019,Febrero,Viernes,12:00 NO REPORTADO 17:59,5:45:00 p. m.,MASCULINO,COSQUILLEO,COLOMBIA,TURISTA EXTRANJERO,VIAS PUBLICAS,URBANA,SIN EMPLEO DE ARMAS,31,ADULTOS,SUPERIOR,ESTACION ENO REPORTADO03 SANTA FE,CAI TORRES BLANCAS ENO REPORTADO3,2,2019,15,"4,60986055","-74,07015106"
M. BOGOTÁ,BOGOTÁ D.C. (CT),UPZ No. 99 CHAPINERO ENO REPORTADO2,ARTÍCULO 239. HURTO PERSONAS,CHAPINERO CENTRAL ENO REPORTADO2,5/1/2019,Enero,Sábado,00:00 NO REPORTADO 05:59,2:30:00 a. m.,MASCULINO,ATRACO,COLOMBIA,TURISTA EXTRANJERO,VIAS PUBLICAS,URBANA,SIN EMPLEO DE ARMAS,32,ADULTOS,SUPERIOR,ESTACION ENO REPORTADO02 CHAPINERO,CAI LOURDES ENO REPORTADO2,1,2019,5,"4,647455576","-74,062834"
M. BOGOTÁ,BOGOTÁ D.C. (CT),LOCALIDAD SANTAFE,ARTÍCULO 239. HURTO PERSONAS,ALAMEDA ENO REPORTADO3,13/1/2019,Enero,Domingo,12:00 NO REPORTADO 17:59,2:00:00 p. m.,FEMENINO,COSQUILLEO,VENEZUELA,TURISTA EXTRANJERO,TRANSPORTE PÚBLICO,URBANA,SIN EMPLEO DE ARMAS,32,ADULTOS,SUPERIOR,ESTACION ENO REPORTADO03 SANTA FE,CAI TELECOM ENO REPORTADO3,1,2019,13,"4,612240802","-74,07170138"
M. BOGOTÁ,BOGOTÁ D.C. (CT),UPZ No. 96 LOURDES ENO REPORTADO3,ARTÍCULO 239. HURTO PERSONAS,EL ROCIO ENO REPORTADO3,15/2/2019,Febrero,Viernes,06:00 NO REPORTADO 11:59,11:00:00 a. m.,MASCULINO,ATRACO,COLOMBIA,TURISTA EXTRANJERO,VIAS PUBLICAS,URBANA,ARMA BLANCA / CORTOPUNZANTE,32,ADULTOS,SUPERIOR,ESTACION ENO REPORTADO03 SANTA FE,CAI LOS LACHES ENO REPORTADO3,2,2019,15,"4,584104087","-74,06916401"
M. BOGOTÁ,BOGOTÁ D.C. (CT),UPZ No. 92 LA MACARENA ENO REPORTADO3,ARTÍCULO 239. HURTO PERSONAS,LAS AGUAS ENO REPORTADO3,10/2/2021,Febrero,Miércoles,12:00 NO REPORTADO 17:59,4:30:00 p. m.,FEMENINO,ATRACO,NO REPORTADO,TURISTA EXTRANJERO,VIAS PUBLICAS,URBANA,ARMA BLANCA / CORTOPUNZANTE,32,ADULTOS,SUPERIOR,ESTACION ENO REPORTADO03 SANTA FE,CAI MONSERRATE ENO REPORTADO3,2,2021,10,"4,603720462","-74,06497899"
M. BOGOTÁ,BOGOTÁ D.C. (CT),UPZ No. 94 LA CANDELARIA ENO REPORTADO17,ARTÍCULO 239. HURTO PERSONAS,EGIPTO ENO REPORTADO17,9/5/2019,Mayo,Jueves,18:00 NO REPORTADO 23:59,6:00:00 p. m.,MASCULINO,FACTOR DE OPORTUNIDAD,VENEZUELA,TURISTA EXTRANJERO,"HOTELES, RESIDENCIAS, Y SIMILARES.",URBANA,SIN EMPLEO DE ARMAS,32,ADULTOS,TECNICO,ESTACION ENO REPORTADO17 CANDELARIA,CAI ROSARIO ENO REPORTADO17,5,2019,9,"4,595892249","-74,06992498"
M. BOGOTÁ,BOGOTÁ D.C. (CT),UPZ No. 94 LA CANDELARIA ENO REPORTADO17,ARTÍCULO 239. HURTO PERSONAS,LA CATEDRAL ENO REPORTADO17,14/11/2019,Noviembre,Jueves,06:00 NO REPORTADO 11:59,11:20:00 a. m.,FEMENINO,ATRACO,COLOMBIA,TURISTA EXTRANJERO,VIAS PUBLICAS,URBANA,ARMA DE FUEGO,32,ADULTOS,SUPERIOR,ESTACION ENO REPORTADO17 CANDELARIA,CAI ROSARIO ENO REPORTADO17,11,2019,14,"4,598116278","-74,07485298"
M. BOGOTÁ,BOGOTÁ D.C. (CT),UPZ No. 91 SAGRADO CORAZON ENO REPORTADO3,ARTÍCULO 239. HURTO PERSONAS,SAN DIEGO ENO REPORTADO3,23/1/2020,Enero,Jueves,18:00 NO REPORTADO 23:59,6:30:00 p. m.,MASCULINO,ATRACO,ESTADOS UNIDOS,TURISTA EXTRANJERO,PARQUES,URBANA,ARMA DE FUEGO,33,ADULTOS,SUPERIOR,ESTACION ENO REPORTADO03 SANTA FE,CAI SAN DIEGO ENO REPORTADO3,1,2020,23,"4,611022406","-74,06909266"
M. BOGOTÁ,BOGOTÁ D.C. (CT),UPZ No. 93 LAS NIEVES ENO REPORTADO3,ARTÍCULO 239. HURTO PERSONAS,VERACRUZ ENO REPORTADO3,3/6/2019,Junio,Lunes,06:00 NO REPORTADO 11:59,11:00:00 a. m.,FEMENINO,SUSTRACCION EN MOVIMIENTO,VENEZUELA,TURISTA EXTRANJERO,CAFETERIAS,URBANA,SIN EMPLEO DE ARMAS,33,ADULTOS,SUPERIOR,ESTACION ENO REPORTADO03 SANTA FE,CAI COLSEGUROS ENO REPORTADO3,6,2019,3,"4,601260787","-74,07019321"
M. BOGOTÁ,BOGOTÁ D.C. (CT),UPZ No. 94 LA CANDELARIA ENO REPORTADO17,ARTÍCULO 269I. HURTO POR MEDIOS INFORMÁTICOS Y SEMEJANTES,CANDELARIA ENO REPORTADO17,8/7/2019,Julio,Lunes,06:00 NO REPORTADO 11:59,8:00:00 a. m.,MASCULINO,PAGOS EN LÍNEA,VENEZUELA,TURISTA EXTRANJERO,VIAS PUBLICAS,URBANA,SIN EMPLEO DE ARMAS,33,ADULTOS,SUPERIOR,ESTACION ENO REPORTADO17 CANDELARIA,CAI ROSARIO ENO REPORTADO17,7,2019,8,"4,609324212","-74,07036487"
M. BOGOTÁ,BOGOTÁ D.C. (CT),UPZ No. 93 LAS NIEVES ENO REPORTADO3,ARTÍCULO 239. HURTO PERSONAS,LAS NIEVES ENO REPORTADO3,19/2/2019,Febrero,Martes,18:00 NO REPORTADO 23:59,10:15:00 p. m.,MASCULINO,ATRACO,COLOMBIA,TURISTA EXTRANJERO,VIAS PUBLICAS,URBANA,ARMA BLANCA / CORTOPUNZANTE,34,ADULTOS,SUPERIOR,ESTACION ENO REPORTADO03 SANTA FE,CAI TORRES BLANCAS ENO REPORTADO3,2,2019,19,"4,60806765","-74,07064918"
M. BOGOTÁ,BOGOTÁ D.C. (CT),UPZ No. 94 LA CANDELARIA ENO REPORTADO17,ARTÍCULO 239. HURTO PERSONAS,CENTRO ADMINISTRATIVO ENO REPORTADO17,7/2/2020,Febrero,Viernes,12:00 NO REPORTADO 17:59,12:20:00 p. m.,FEMENINO,SUPL. DIJINNO REPORTADOSIJIN,COLOMBIA,TURISTA EXTRANJERO,VIAS PUBLICAS,URBANA,SIN EMPLEO DE ARMAS,34,ADULTOS,SUPERIOR,ESTACION ENO REPORTADO17 CANDELARIA,CAI BOLIVIA ENO REPORTADO17,2,2020,7,"4,596773259","-74,07614669"
M. BOGOTÁ,BOGOTÁ D.C. (CT),UPZ No. 94 LA CANDELARIA ENO REPORTADO17,ARTÍCULO 239. HURTO PERSONAS,LA CATEDRAL ENO REPORTADO17,14/5/2019,Mayo,Martes,12:00 NO REPORTADO 17:59,4:00:00 p. m.,MASCULINO,FACTOR DE OPORTUNIDAD,VENEZUELA,TURISTA EXTRANJERO,LOCAL COMERCIAL,URBANA,SIN EMPLEO DE ARMAS,34,ADULTOS,SUPERIOR,ESTACION ENO REPORTADO17 CANDELARIA,CAI ROSARIO ENO REPORTADO17,5,2019,14,"4,597870699","-74,07427016"
M. BOGOTÁ,BOGOTÁ D.C. (CT),UPZ No. 94 LA CANDELARIA ENO REPORTADO17,ARTÍCULO 239. HURTO PERSONAS,EGIPTO ENO REPORTADO17,19/5/2019,Mayo,Domingo,12:00 NO REPORTADO 17:59,2:54:00 p. m.,MASCULINO,FACTOR DE OPORTUNIDAD,VENEZUELA,TURISTA EXTRANJERO,"HOTELES, RESIDENCIAS, Y SIMILARES.",URBANA,SIN EMPLEO DE ARMAS,34,ADULTOS,SUPERIOR,ESTACION ENO REPORTADO17 CANDELARIA,CAI ROSARIO ENO REPORTADO17,5,2019,19,"4,595763917","-74,07076183"
M. BOGOTÁ,BOGOTÁ D.C. (CT),UPZ No. 91 SAGRADO CORAZON ENO REPORTADO3,ARTÍCULO 239. HURTO PERSONAS,SAN DIEGO ENO REPORTADO3,12/6/2019,Junio,Miércoles,18:00 NO REPORTADO 23:59,9:00:00 p. m.,FEMENINO,COSQUILLEO,VENEZUELA,TURISTA EXTRANJERO,ESTACION TRANSMILENIO SAN DIEGO,URBANA,SIN EMPLEO DE ARMAS,34,ADULTOS,SUPERIOR,ESTACION ENO REPORTADO03 SANTA FE,CAI SAN DIEGO ENO REPORTADO3,6,2019,12,"4,611022406","-74,06909266"
M. BOGOTÁ,BOGOTÁ D.C. (CT),UPZ No. 94 LA CANDELARIA ENO REPORTADO17,ARTÍCULO 239. HURTO PERSONAS,LA CONCORDIA ENO REPORTADO17,10/1/2021,Enero,Domingo,18:00 NO REPORTADO 23:59,8:30:00 p. m.,FEMENINO,RAPONAZO,COLOMBIA,TURISTA EXTRANJERO,VIAS PUBLICAS,URBANA,SIN EMPLEO DE ARMAS,35,ADULTOS,SUPERIOR,ESTACION ENO REPORTADO17 CANDELARIA,CAI ROSARIO ENO REPORTADO17,1,2021,10,"4,597149962","-74,06982767"
M. BOGOTÁ,BOGOTÁ D.C. (CT),UPZ No. 94 LA CANDELARIA ENO REPORTADO17,ARTÍCULO 239. HURTO PERSONAS,LA CATEDRAL ENO REPORTADO17,9/2/2020,Febrero,Domingo,12:00 NO REPORTADO 17:59,1:00:00 p. m.,MASCULINO,COSQUILLEO,COLOMBIA,TURISTA EXTRANJERO,VIAS PUBLICAS,URBANA,SIN EMPLEO DE ARMAS,35,ADULTOS,SUPERIOR,ESTACION ENO REPORTADO17 CANDELARIA,CAI ROSARIO ENO REPORTADO17,2,2020,9,"4,598260651","-74,07528481"
M. BOGOTÁ,BOGOTÁ D.C. (CT),UPZ No. 94 LA CANDELARIA ENO REPORTADO17,ARTÍCULO 239. HURTO PERSONAS,EGIPTO ENO REPORTADO17,5/5/2019,Mayo,Domingo,12:00 NO REPORTADO 17:59,12:30:00 p. m.,MASCULINO,FACTOR DE OPORTUNIDAD,VENEZUELA,TURISTA EXTRANJERO,VIAS PUBLICAS,URBANA,SIN EMPLEO DE ARMAS,36,ADULTOS,SUPERIOR,ESTACION ENO REPORTADO17 CANDELARIA,CAI ROSARIO ENO REPORTADO17,5,2019,5,"4,595389615","-74,07101933"
M. BOGOTÁ,BOGOTÁ D.C. (CT),UPZ No. 93 LAS NIEVES ENO REPORTADO3,ARTÍCULO 239. HURTO PERSONAS,VERACRUZ ENO REPORTADO3,27/7/2019,Julio,Sábado,12:00 NO REPORTADO 17:59,1:30:00 p. m.,FEMENINO,COSQUILLEO,VENEZUELA,TURISTA EXTRANJERO,VIAS PUBLICAS,URBANA,SIN EMPLEO DE ARMAS,36,ADULTOS,SUPERIOR,ESTACION ENO REPORTADO03 SANTA FE,CAI COLSEGUROS ENO REPORTADO3,7,2019,27,"4,602233964","-74,07255355"
M. BOGOTÁ,BOGOTÁ D.C. (CT),UPZ No. 94 LA CANDELARIA ENO REPORTADO17,ARTÍCULO 239. HURTO PERSONAS,LA CATEDRAL ENO REPORTADO17,27/7/2019,Julio,Sábado,00:00 NO REPORTADO 05:59,2:00:00 a. m.,FEMENINO,COSQUILLEO,VENEZUELA,TURISTA EXTRANJERO,"BARES, CANTINAS Y SIMILARES",URBANA,SIN EMPLEO DE ARMAS,36,ADULTOS,SUPERIOR,ESTACION ENO REPORTADO17 CANDELARIA,CAI ROSARIO ENO REPORTADO17,7,2019,27,"4,598838534","-74,07230142"
M. BOGOTÁ,BOGOTÁ D.C. (CT),UPZ No. 97 CHICO LAGO ENO REPORTADO2,ARTÍCULO 239. HURTO PERSONAS,EL RETIRO ENO REPORTADO2,5/3/2019,Marzo,Martes,12:00 NO REPORTADO 17:59,4:50:00 p. m.,MASCULINO,FACTOR DE OPORTUNIDAD,COLOMBIA,TURISTA EXTRANJERO,LOCAL COMERCIAL,URBANA,CONTUNDENTES,38,ADULTOS,SUPERIOR,ESTACION ENO REPORTADO02 CHAPINERO,CAI OXY ENO REPORTADO2,3,2019,5,"4,667152839","-74,05338263"
M. BOGOTÁ,BOGOTÁ D.C. (CT),UPZ No. 93 LAS NIEVES ENO REPORTADO3,ARTÍCULO 239. HURTO PERSONAS,LA CAPUCHINA ENO REPORTADO3,2/3/2021,Marzo,Martes,06:00 NO REPORTADO 11:59,10:30:00 a. m.,MASCULINO,ENGAÑO,NO REPORTADO,TURISTA EXTRANJERO,VIAS PUBLICAS,URBANA,SIN EMPLEO DE ARMAS,38,ADULTOS,SECUNDARIA,ESTACION ENO REPORTADO03 SANTA FE,CAI COLSEGUROS ENO REPORTADO3,3,2021,2,"4,601319215","-74,06974873"
M. BOGOTÁ,BOGOTÁ D.C. (CT),UPZ No. 94 LA CANDELARIA ENO REPORTADO17,ARTÍCULO 239. HURTO PERSONAS,LA CATEDRAL ENO REPORTADO17,28/1/2020,Enero,Martes,06:00 NO REPORTADO 11:59,8:38:00 a. m.,MASCULINO,FACTOR DE OPORTUNIDAD,COLOMBIA,TURISTA EXTRANJERO,AUDITORIOS,URBANA,SIN EMPLEO DE ARMAS,39,ADULTOS,SECUNDARIA,ESTACION ENO REPORTADO17 CANDELARIA,CAI ROSARIO ENO REPORTADO17,1,2020,28,"4,598116278","-74,07485298"
M. BOGOTÁ,BOGOTÁ D.C. (CT),UPZ No. 94 LA CANDELARIA ENO REPORTADO17,ARTÍCULO 239. HURTO PERSONAS,LA CATEDRAL ENO REPORTADO17,9/4/2021,Abril,Viernes,18:00 NO REPORTADO 23:59,6:30:00 p. m.,MASCULINO,COSQUILLEO,COLOMBIA,TURISTA EXTRANJERO,ESTACION TRANSMILENIO SAN VICTORINO,URBANA,SIN EMPLEO DE ARMAS,39,ADULTOS,SUPERIOR,ESTACION ENO REPORTADO17 CANDELARIA,CAI BOLIVIA ENO REPORTADO17,4,2021,9,"4,600145519","-74,07776585"
M. BOGOTÁ,BOGOTÁ D.C. (CT),UPZ No. 94 LA CANDELARIA ENO REPORTADO17,ARTÍCULO 239. HURTO PERSONAS,LAS AGUAS ENO REPORTADO17,20/5/2019,Mayo,Lunes,12:00 NO REPORTADO 17:59,12:30:00 p. m.,MASCULINO,ATRACO,VENEZUELA,TURISTA EXTRANJERO,VIAS PUBLICAS,URBANA,ARMA BLANCA / CORTOPUNZANTE,39,ADULTOS,SUPERIOR,ESTACION ENO REPORTADO17 CANDELARIA,CAI ROSARIO ENO REPORTADO17,5,2019,20,"4,601127109","-74,06296733"
M. BOGOTÁ,BOGOTÁ D.C. (CT),LOCALIDAD CHAPINERO,ARTÍCULO 239. HURTO PERSONAS,ANTIGUO COUNTRY ENO REPORTADO2,22/5/2019,Mayo,Miércoles,12:00 NO REPORTADO 17:59,1:00:00 p. m.,MASCULINO,SUPL. DIJINNO REPORTADOSIJIN,COLOMBIA,TURISTA EXTRANJERO,VIAS PUBLICAS,URBANA,SIN EMPLEO DE ARMAS,39,ADULTOS,SUPERIOR,ESTACION ENO REPORTADO02 CHAPINERO,CAI EL VIRREY ENO REPORTADO2,5,2019,22,"4,668238044","-74,05621431"
M. BOGOTÁ,BOGOTÁ D.C. (CT),UPZ No. 94 LA CANDELARIA ENO REPORTADO17,ARTÍCULO 239. HURTO PERSONAS,LA CATEDRAL ENO REPORTADO17,8/7/2019,Julio,Lunes,06:00 NO REPORTADO 11:59,11:30:00 a. m.,FEMENINO,SUPL. DIJINNO REPORTADOSIJIN,VENEZUELA,TURISTA EXTRANJERO,VIAS PUBLICAS,URBANA,SIN EMPLEO DE ARMAS,39,ADULTOS,SECUNDARIA,ESTACION ENO REPORTADO17 CANDELARIA,CAI ROSARIO ENO REPORTADO17,7,2019,8,"4,600554966","-74,07064918"
M. BOGOTÁ,BOGOTÁ D.C. (CT),UPZ No. 94 LA CANDELARIA ENO REPORTADO17,ARTÍCULO 239. HURTO PERSONAS,CANDELARIA ENO REPORTADO17,28/8/2019,Agosto,Miércoles,12:00 NO REPORTADO 17:59,3:00:00 p. m.,MASCULINO,SUPL. DIJINNO REPORTADOSIJIN,VENEZUELA,TURISTA EXTRANJERO,VIAS PUBLICAS,URBANA,SIN EMPLEO DE ARMAS,40,ADULTOS,SUPERIOR,ESTACION ENO REPORTADO17 CANDELARIA,CAI BOLIVIA ENO REPORTADO17,8,2019,28,"4,60034108","-74,07543961"
M. BOGOTÁ,BOGOTÁ D.C. (CT),LOCALIDAD SANTAFE,ARTÍCULO 239. HURTO PERSONAS,CENTRO ENO REPORTADO3,4/6/2019,Junio,Martes,06:00 NO REPORTADO 11:59,11:30:00 a. m.,MASCULINO,ATRACO,VENEZUELA,TURISTA EXTRANJERO,VIAS PUBLICAS,URBANA,ARMA BLANCA / CORTOPUNZANTE,41,ADULTOS,SUPERIOR,ESTACION ENO REPORTADO03 SANTA FE,CAI SAN VICTORINO ENO REPORTADO3,6,2019,4,"4,60292909","-74,07916251"
M. BOGOTÁ,BOGOTÁ D.C. (CT),UPZ No. 94 LA CANDELARIA ENO REPORTADO17,ARTÍCULO 239. HURTO PERSONAS,LA CONCORDIA ENO REPORTADO17,30/1/2020,Enero,Jueves,06:00 NO REPORTADO 11:59,11:00:00 a. m.,FEMENINO,SUPL. DIJINNO REPORTADOSIJIN,MEXICO,TURISTA EXTRANJERO,VIAS PUBLICAS,URBANA,SIN EMPLEO DE ARMAS,42,ADULTOS,SUPERIOR,ESTACION ENO REPORTADO17 CANDELARIA,CAI ROSARIO ENO REPORTADO17,1,2020,30,"4,594306421","-74,07296202"
M. BOGOTÁ,BOGOTÁ D.C. (CT),UPZ No. 94 LA CANDELARIA ENO REPORTADO17,ARTÍCULO 239. HURTO PERSONAS,LA CONCORDIA ENO REPORTADO17,18/7/2019,Julio,Jueves,18:00 NO REPORTADO 23:59,6:00:00 p. m.,FEMENINO,ATRACO,VENEZUELA,TURISTA EXTRANJERO,VIAS PUBLICAS,URBANA,ARMA BLANCA / CORTOPUNZANTE,42,ADULTOS,SUPERIOR,ESTACION ENO REPORTADO17 CANDELARIA,CAI ROSARIO ENO REPORTADO17,7,2019,18,"4,596309328","-74,06967822"
M. BOGOTÁ,BOGOTÁ D.C. (CT),LOCALIDAD SANTAFE,ARTÍCULO 111. LESIONES PERSONALES,PARQUE NACIONAL ENO REPORTADO3,3/8/2019,Agosto,Sábado,12:00 NO REPORTADO 17:59,3:00:00 p. m.,MASCULINO,RIÑAS,COLOMBIA,TURISTA EXTRANJERO,VIAS PUBLICAS,URBANA,ARMA BLANCA / CORTOPUNZANTE,42,ADULTOS,SECUNDARIA,ESTACION ENO REPORTADO03 SANTA FE,CAI TORRES BLANCAS ENO REPORTADO3,8,2019,3,"4,621143495","-74,06208796"
M. BOGOTÁ,BOGOTÁ D.C. (CT),UPZ No. 94 LA CANDELARIA ENO REPORTADO17,ARTÍCULO 239. HURTO PERSONAS,LA CONCORDIA ENO REPORTADO17,28/8/2021,Agosto,Sábado,18:00 NO REPORTADO 23:59,11:30:00 p. m.,MASCULINO,ATRACO,NO REPORTADO,TURISTA EXTRANJERO,VIAS PUBLICAS,URBANA,ARMA DE FUEGO,43,ADULTOS,SUPERIOR,ESTACION ENO REPORTADO17 CANDELARIA,CAI ROSARIO ENO REPORTADO17,8,2021,28,"4,598453148","-74,07149753"
M. BOGOTÁ,BOGOTÁ D.C. (CT),UPZ No. 94 LA CANDELARIA ENO REPORTADO17,ARTÍCULO 239. HURTO PERSONAS,LA CATEDRAL ENO REPORTADO17,15/1/2020,Enero,Miércoles,12:00 NO REPORTADO 17:59,2:30:00 p. m.,MASCULINO,FACTOR DE OPORTUNIDAD,COLOMBIA,TURISTA EXTRANJERO,RESTAURANTES,URBANA,SIN EMPLEO DE ARMAS,44,ADULTOS,SECUNDARIA,ESTACION ENO REPORTADO17 CANDELARIA,CAI ROSARIO ENO REPORTADO17,1,2020,15,"4,598125691","-74,07493639"
M. BOGOTÁ,BOGOTÁ D.C. (CT),LOCALIDAD SANTAFE,ARTÍCULO 239. HURTO PERSONAS,SAGRADO CORAZON ENO REPORTADO3,13/6/2019,Junio,Jueves,18:00 NO REPORTADO 23:59,10:40:00 p. m.,MASCULINO,USO SUSTANCIAS TOXICAS / ESCOPOLAMINADO,VENEZUELA,TURISTA NACIONAL,"HOTELES, RESIDENCIAS, Y SIMILARES.",URBANA,ESCOPOLAMINA,44,ADULTOS,SUPERIOR,ESTACION ENO REPORTADO03 SANTA FE,CAI TELECOM ENO REPORTADO3,6,2019,13,"4,626062622","-74,06805894"
M. BOGOTÁ,BOGOTÁ D.C. (CT),UPZ No. 94 LA CANDELARIA ENO REPORTADO17,ARTÍCULO 239. HURTO PERSONAS,LA CATEDRAL ENO REPORTADO17,26/2/2020,Febrero,Miércoles,18:00 NO REPORTADO 23:59,9:30:00 p. m.,MASCULINO,ATRACO,JAPON,TURISTA EXTRANJERO,VIAS PUBLICAS,URBANA,SIN EMPLEO DE ARMAS,45,ADULTOS,SUPERIOR,ESTACION ENO REPORTADO17 CANDELARIA,CAI ROSARIO ENO REPORTADO17,2,2020,26,"4,600399508","-74,07173357"
M. BOGOTÁ,BOGOTÁ D.C. (CT),UPZ No. 94 LA CANDELARIA ENO REPORTADO17,ARTÍCULO 239. HURTO PERSONAS,LA CATEDRAL ENO REPORTADO17,21/1/2021,Enero,Jueves,12:00 NO REPORTADO 17:59,12:45:00 p. m.,MASCULINO,SUPL. DIJINNO REPORTADOSIJIN,NO REPORTADO,TURISTA EXTRANJERO,VIAS PUBLICAS,URBANA,SIN EMPLEO DE ARMAS,46,ADULTOS,SUPERIOR,ESTACION ENO REPORTADO17 CANDELARIA,CAI ROSARIO ENO REPORTADO17,1,2021,21,"4,597307993","-74,07369109"
M. BOGOTÁ,BOGOTÁ D.C. (CT),LOCALIDAD TEUSAQUILLO,ARTÍCULO 239. HURTO PERSONAS,CIUDAD SALITRE II ENO REPORTADO13,6/6/2019,Junio,Jueves,06:00 NO REPORTADO 11:59,7:19:00 a. m.,MASCULINO,FACTOR DE OPORTUNIDAD,COLOMBIA,TURISTA EXTRANJERO,"HOTELES, RESIDENCIAS, Y SIMILARES.",URBANA,SIN EMPLEO DE ARMAS,48,ADULTOS,SUPERIOR,ESTACION ENO REPORTADO13 TEUSAQUILLO,CAI ESMERALDA ENO REPORTADO13,6,2019,6,"4,643974782","-74,09980229"
M. BOGOTÁ,BOGOTÁ D.C. (CT),UPZ No. 94 LA CANDELARIA ENO REPORTADO17,ARTÍCULO 239. HURTO PERSONAS,EGIPTO ALTO ENO REPORTADO17,7/6/2019,Junio,Viernes,06:00 NO REPORTADO 11:59,6:00:00 a. m.,MASCULINO,ATRACO,VENEZUELA,TURISTA EXTRANJERO,VIAS PUBLICAS,URBANA,ARMA BLANCA / CORTOPUNZANTE,48,ADULTOS,SUPERIOR,ESTACION ENO REPORTADO17 CANDELARIA,CAI ROSARIO ENO REPORTADO17,6,2019,7,"4,591402896","-74,06959316"
M. BOGOTÁ,BOGOTÁ D.C. (CT),UPZ No. 93 LAS NIEVES ENO REPORTADO3,ARTÍCULO 239. HURTO PERSONAS,VERACRUZ ENO REPORTADO3,28/7/2019,Julio,Domingo,12:00 NO REPORTADO 17:59,1:00:00 p. m.,MASCULINO,COSQUILLEO,VENEZUELA,TURISTA EXTRANJERO,VIAS PUBLICAS,URBANA,SIN EMPLEO DE ARMAS,48,ADULTOS,SUPERIOR,ESTACION ENO REPORTADO03 SANTA FE,CAI COLSEGUROS ENO REPORTADO3,7,2019,28,"4,602084245","-74,07236579"
M. BOGOTÁ,BOGOTÁ D.C. (CT),UPZ No. 94 LA CANDELARIA ENO REPORTADO17,ARTÍCULO 239. HURTO PERSONAS,EGIPTO ENO REPORTADO17,9/7/2019,Julio,Martes,18:00 NO REPORTADO 23:59,7:30:00 p. m.,MASCULINO,ATRACO,VENEZUELA,TURISTA EXTRANJERO,VIAS PUBLICAS,URBANA,ARMA BLANCA / CORTOPUNZANTE,49,ADULTOS,SUPERIOR,ESTACION ENO REPORTADO17 CANDELARIA,CAI ROSARIO ENO REPORTADO17,7,2019,9,"4,593678518","-74,06953875"
M. BOGOTÁ,BOGOTÁ D.C. (CT),UPZ No. 10 LA URIBE ENO REPORTADO1,ARTÍCULO 239. HURTO PERSONAS,EL RECUERDO ENO REPORTADO13,25/9/2021,Septiembre,Sábado,06:00 NO REPORTADO 11:59,6:00:00 a. m.,FEMENINO,ATRACO,NO REPORTADO,TURISTA EXTRANJERO,"HOTELES, RESIDENCIAS, Y SIMILARES.",URBANA,ESCOPOLAMINA,49,ADULTOS,SECUNDARIA,ESTACION ENO REPORTADO13 TEUSAQUILLO,CAI SOLEDAD ENO REPORTADO13,9,2021,25,"4,632264715","-74,08828816"
M. BOGOTÁ,BOGOTÁ D.C. (CT),UPZ No. 94 LA CANDELARIA ENO REPORTADO17,ARTÍCULO 239. HURTO PERSONAS,LA CONCORDIA ENO REPORTADO17,30/1/2020,Enero,Jueves,06:00 NO REPORTADO 11:59,11:00:00 a. m.,MASCULINO,SUPL. DIJINNO REPORTADOSIJIN,PERU,TURISTA EXTRANJERO,VIAS PUBLICAS,URBANA,SIN EMPLEO DE ARMAS,51,ADULTOS,SECUNDARIA,ESTACION ENO REPORTADO17 CANDELARIA,CAI ROSARIO ENO REPORTADO17,1,2020,30,"4,599530598","-74,06976307"
M. BOGOTÁ,BOGOTÁ D.C. (CT),UPZ No. 94 LA CANDELARIA ENO REPORTADO17,ARTÍCULO 239. HURTO PERSONAS,CENTRO ADMINISTRATIVO ENO REPORTADO17,3/3/2020,Marzo,Martes,12:00 NO REPORTADO 17:59,2:17:00 p. m.,MASCULINO,FACTOR DE OPORTUNIDAD,COLOMBIA,TURISTA EXTRANJERO,RESTAURANTES,URBANA,SIN EMPLEO DE ARMAS,51,ADULTOS,SUPERIOR,ESTACION ENO REPORTADO17 CANDELARIA,CAI BOLIVIA ENO REPORTADO17,3,2020,3,"4,59611644","-74,07212517"
M. BOGOTÁ,BOGOTÁ D.C. (CT),UPZ No. 94 LA CANDELARIA ENO REPORTADO17,ARTÍCULO 239. HURTO PERSONAS,LA CATEDRAL ENO REPORTADO17,11/4/2019,Abril,Jueves,06:00 NO REPORTADO 11:59,10:35:00 a. m.,MASCULINO,SUPL. DIJINNO REPORTADOSIJIN,COLOMBIA,TURISTA EXTRANJERO,VIAS PUBLICAS,URBANA,SIN EMPLEO DE ARMAS,52,ADULTOS,SUPERIOR,ESTACION ENO REPORTADO17 CANDELARIA,CAI BOLIVIA ENO REPORTADO17,4,2019,11,"4,598009725","-74,07596532"
M. BOGOTÁ,BOGOTÁ D.C. (CT),UPZ No. 94 LA CANDELARIA ENO REPORTADO17,ARTÍCULO 239. HURTO PERSONAS,LA CATEDRAL ENO REPORTADO17,28/1/2020,Enero,Martes,06:00 NO REPORTADO 11:59,8:38:00 a. m.,MASCULINO,FACTOR DE OPORTUNIDAD,COLOMBIA,TURISTA EXTRANJERO,AUDITORIOS,URBANA,SIN EMPLEO DE ARMAS,53,ADULTOS,SUPERIOR,ESTACION ENO REPORTADO17 CANDELARIA,CAI ROSARIO ENO REPORTADO17,1,2020,28,"4,598116278","-74,07485298"
M. BOGOTÁ,BOGOTÁ D.C. (CT),UPZ No. 93 LAS NIEVES ENO REPORTADO3,ARTÍCULO 239. HURTO PERSONAS,VERACRUZ ENO REPORTADO3,4/7/2019,Julio,Jueves,12:00 NO REPORTADO 17:59,4:30:00 p. m.,MASCULINO,COSQUILLEO,VENEZUELA,TURISTA EXTRANJERO,VIAS PUBLICAS,URBANA,SIN EMPLEO DE ARMAS,56,ADULTOS,SUPERIOR,ESTACION ENO REPORTADO03 SANTA FE,CAI COLSEGUROS ENO REPORTADO3,7,2019,4,"4,601463978","-74,0727574"
M. BOGOTÁ,BOGOTÁ D.C. (CT),UPZ No. 94 LA CANDELARIA ENO REPORTADO17,ARTÍCULO 239. HURTO PERSONAS,EGIPTO ENO REPORTADO17,17/5/2019,Mayo,Viernes,00:00 NO REPORTADO 05:59,4:00:00 a. m.,MASCULINO,FACTOR DE OPORTUNIDAD,VENEZUELA,TURISTA EXTRANJERO,"HOTELES, RESIDENCIAS, Y SIMILARES.",URBANA,SIN EMPLEO DE ARMAS,57,ADULTOS,SECUNDARIA,ESTACION ENO REPORTADO17 CANDELARIA,CAI ROSARIO ENO REPORTADO17,5,2019,17,"4,59604197","-74,0715844"
M. BOGOTÁ,BOGOTÁ D.C. (CT),UPZ No. 93 LAS NIEVES ENO REPORTADO3,ARTÍCULO 239. HURTO PERSONAS,VERACRUZ ENO REPORTADO3,28/2/2020,Febrero,Viernes,12:00 NO REPORTADO 17:59,5:00:00 p. m.,MASCULINO,ENGAÑO,COLOMBIA,TURISTA EXTRANJERO,CAJERO AUTOMATICO,URBANA,SIN EMPLEO DE ARMAS,59,ADULTOS,SUPERIOR,ESTACION ENO REPORTADO03 SANTA FE,CAI COLSEGUROS ENO REPORTADO3,2,2020,28,"4,603760175","-74,07097718"
M. BOGOTÁ,BOGOTÁ D.C. (CT),LOCALIDAD SANTAFE,ARTÍCULO 239. HURTO PERSONAS,PARQUE NACIONAL ENO REPORTADO3,27/1/2020,Enero,Lunes,06:00 NO REPORTADO 11:59,10:00:00 a. m.,MASCULINO,ATRACO,ITALIA,TURISTA EXTRANJERO,PARQUES,URBANA,ARMA BLANCA / CORTOPUNZANTE,60,ADULTOS,SUPERIOR,ESTACION ENO REPORTADO03 SANTA FE,CAI MONSERRATE ENO REPORTADO3,1,2020,27,"4,613951694","-74,06149289"
M. BOGOTÁ,BOGOTÁ D.C. (CT),UPZ No. 94 LA CANDELARIA ENO REPORTADO17,ARTÍCULO 239. HURTO PERSONAS,LA CONCORDIA ENO REPORTADO17,25/2/2019,Febrero,Lunes,12:00 NO REPORTADO 17:59,1:20:00 p. m.,MASCULINO,FACTOR DE OPORTUNIDAD,VENEZUELA,TURISTA EXTRANJERO,VIAS PUBLICAS,URBANA,SIN EMPLEO DE ARMAS,60,ADULTOS,SUPERIOR,ESTACION ENO REPORTADO17 CANDELARIA,CAI ROSARIO ENO REPORTADO17,2,2019,25,"4,598325207","-74,06959775"
M. BOGOTÁ,BOGOTÁ D.C. (CT),UPZ No. 93 LAS NIEVES ENO REPORTADO3,ARTÍCULO 239. HURTO PERSONAS,VERACRUZ ENO REPORTADO3,16/5/2019,Mayo,Jueves,12:00 NO REPORTADO 17:59,2:00:00 p. m.,MASCULINO,COSQUILLEO,VENEZUELA,TURISTA EXTRANJERO,VIAS PUBLICAS,URBANA,SIN EMPLEO DE ARMAS,60,ADULTOS,SUPERIOR,ESTACION ENO REPORTADO03 SANTA FE,CAI TORRES BLANCAS ENO REPORTADO3,5,2019,16,"4,605356676","-74,07152358"
M. BOGOTÁ,BOGOTÁ D.C. (CT),UPZ No. 94 LA CANDELARIA ENO REPORTADO17,ARTÍCULO 239. HURTO PERSONAS,CANDELARIA ENO REPORTADO17,26/4/2019,Abril,Viernes,12:00 NO REPORTADO 17:59,1:30:00 p. m.,FEMENINO,COSQUILLEO,VENEZUELA,TURISTA EXTRANJERO,VIAS PUBLICAS,URBANA,SIN EMPLEO DE ARMAS,61,ADULTOS,SUPERIOR,ESTACION ENO REPORTADO17 CANDELARIA,CAI ROSARIO ENO REPORTADO17,4,2019,26,"4,598640689","-74,07384101"
M. BOGOTÁ,BOGOTÁ D.C. (CT),UPZ No. 102 LA SABANA ENO REPORTADO14,ARTÍCULO 239. HURTO PERSONAS,SANTA FE ENO REPORTADO14,1/4/2019,Abril,Lunes,00:00 NO REPORTADO 05:59,12:00:00 a. m.,MASCULINO,FACTOR DE OPORTUNIDAD,VENEZUELA,TURISTA EXTRANJERO,"BARES, CANTINAS Y SIMILARES",URBANA,SIN EMPLEO DE ARMAS,63,ADULTOS,SUPERIOR,ESTACION ENO REPORTADO14 MARTIRES,CAI SAMPER MENDOZA ENO REPORTADO14,4,2019,1,"4,611409566","-74,0756971"
M. BOGOTÁ,BOGOTÁ D.C. (CT),UPZ No. 94 LA CANDELARIA ENO REPORTADO17,ARTÍCULO 239. HURTO PERSONAS,BELEN ENO REPORTADO17,5/7/2019,Julio,Viernes,12:00 NO REPORTADO 17:59,12:00:00 p. m.,MASCULINO,SUPL. DIJINNO REPORTADOSIJIN,VENEZUELA,TURISTA EXTRANJERO,VIAS PUBLICAS,URBANA,SIN EMPLEO DE ARMAS,64,ADULTOS,SUPERIOR,ESTACION ENO REPORTADO17 CANDELARIA,CAI BOLIVIA ENO REPORTADO17,7,2019,5,"4,59147667","-74,07428626"
M. BOGOTÁ,BOGOTÁ D.C. (CT),UPZ No. 94 LA CANDELARIA ENO REPORTADO17,ARTÍCULO 239. HURTO PERSONAS,CENTRO ADMINISTRATIVO ENO REPORTADO17,8/7/2019,Julio,Lunes,06:00 NO REPORTADO 11:59,11:00:00 a. m.,MASCULINO,COSQUILLEO,VENEZUELA,TURISTA EXTRANJERO,CAFETERIAS,URBANA,SIN EMPLEO DE ARMAS,65,ADULTOS,SUPERIOR,ESTACION ENO REPORTADO17 CANDELARIA,CAI BOLIVIA ENO REPORTADO17,7,2019,8,"4,597908129","-74,07678071"
M. BOGOTÁ,BOGOTÁ D.C. (CT),UPZ No. 93 LAS NIEVES ENO REPORTADO3,ARTÍCULO 239. HURTO PERSONAS,VERACRUZ ENO REPORTADO3,14/2/2020,Febrero,Viernes,06:00 NO REPORTADO 11:59,9:00:00 a. m.,FEMENINO,FACTOR DE OPORTUNIDAD,PORTUGAL,TURISTA EXTRANJERO,PARQUES,URBANA,SIN EMPLEO DE ARMAS,66,ADULTOS,SUPERIOR,ESTACION ENO REPORTADO03 SANTA FE,CAI COLSEGUROS ENO REPORTADO3,2,2020,14,"4,601800457","-74,07251677"
M. BOGOTÁ,BOGOTÁ D.C. (CT),UPZ No. 94 LA CANDELARIA ENO REPORTADO17,ARTÍCULO 239. HURTO PERSONAS,LA CATEDRAL ENO REPORTADO17,27/11/2020,Noviembre,Viernes,12:00 NO REPORTADO 17:59,3:00:00 p. m.,MASCULINO,COSQUILLEO,COLOMBIA,TURISTA EXTRANJERO,LOCAL COMERCIAL,URBANA,SIN EMPLEO DE ARMAS,67,ADULTOS,SUPERIOR,ESTACION ENO REPORTADO17 CANDELARIA,CAI ROSARIO ENO REPORTADO17,11,2020,27,"4,598830122","-74,07479665"
M. BOGOTÁ,BOGOTÁ D.C. (CT),UPZ No. 94 LA CANDELARIA ENO REPORTADO17,ARTÍCULO 239. HURTO PERSONAS,CENTRO ADMINISTRATIVO ENO REPORTADO17,10/2/2020,Febrero,Lunes,12:00 NO REPORTADO 17:59,3:15:00 p. m.,FEMENINO,SUPL. DIJINNO REPORTADOSIJIN,COLOMBIA,TURISTA EXTRANJERO,VIAS PUBLICAS,URBANA,SIN EMPLEO DE ARMAS,69,ADULTOS,SECUNDARIA,ESTACION ENO REPORTADO17 CANDELARIA,CAI BOLIVIA ENO REPORTADO17,2,2020,10,"4,594841139","-74,07372377"
M. BOGOTÁ,BOGOTÁ D.C. (CT),UPZ No. 92 LA MACARENA ENO REPORTADO3,ARTÍCULO 239. HURTO PERSONAS,LAS AGUAS ENO REPORTADO3,23/4/2019,Abril,Martes,12:00 NO REPORTADO 17:59,1:00:00 p. m.,FEMENINO,ATRACO,VENEZUELA,TURISTA EXTRANJERO,VIAS PUBLICAS,URBANA,ARMA BLANCA / CORTOPUNZANTE,70,ADULTOS,SUPERIOR,ESTACION ENO REPORTADO03 SANTA FE,CAI MONSERRATE ENO REPORTADO3,4,2019,23,"4,603720462","-74,06497899"
M. BOGOTÁ,BOGOTÁ D.C. (CT),UPZ No. 97 CHICO LAGO ENO REPORTADO2,ARTÍCULO 239. HURTO PERSONAS,EL RETIRO ENO REPORTADO2,23/1/2020,Enero,Jueves,00:00 NO REPORTADO 05:59,2:00:00 a. m.,MASCULINO,COSQUILLEO,HOLANDA,TURISTA EXTRANJERO,"BARES, CANTINAS Y SIMILARES",URBANA,SIN EMPLEO DE ARMAS,19,ADULTOS,SECUNDARIA,ESTACION ENO REPORTADO02 CHAPINERO,CAI OXY ENO REPORTADO2,1,2020,23,"4,667529616","-74,05473909"
M. BOGOTÁ,BOGOTÁ D.C. (CT),AEROPUERTO,ARTÍCULO 239. HURTO PERSONAS,AEROPUERTO EL DORADO,23/2/2021,Febrero,Martes,18:00 NO REPORTADO 23:59,9:00:00 p. m.,FEMENINO,COSQUILLEO,NO REPORTADO,TURISTA EXTRANJERO,AEROPUERTO,URBANA,SIN EMPLEO DE ARMAS,21,ADULTOS,SUPERIOR,ESTACION ENO REPORTADO09 FONTIBON,CAI SANTANDER ENO REPORTADO9,2,2021,23,"4,691554276","-74,13379452"
M. BOGOTÁ,BOGOTÁ D.C. (CT),UPZ No. 94 LA CANDELARIA ENO REPORTADO17,ARTÍCULO 239. HURTO PERSONAS,LA CATEDRAL ENO REPORTADO17,1/5/2019,Mayo,Miércoles,18:00 NO REPORTADO 23:59,8:00:00 p. m.,MASCULINO,COSQUILLEO,VENEZUELA,TURISTA EXTRANJERO,VIAS PUBLICAS,URBANA,SIN EMPLEO DE ARMAS,21,ADULTOS,SUPERIOR,ESTACION ENO REPORTADO17 CANDELARIA,CAI ROSARIO ENO REPORTADO17,5,2019,1,"4,597571259","-74,07210294"
M. BOGOTÁ,BOGOTÁ D.C. (CT),UPZ No. 99 CHAPINERO ENO REPORTADO2,ARTÍCULO 239. HURTO PERSONAS,CHAPINERO CENTRAL ENO REPORTADO2,10/6/2019,Junio,Lunes,00:00 NO REPORTADO 05:59,2:00:00 a. m.,MASCULINO,ATRACO,VENEZUELA,TURISTA EXTRANJERO,VIAS PUBLICAS,URBANA,ARMA BLANCA / CORTOPUNZANTE,21,ADULTOS,SUPERIOR,ESTACION ENO REPORTADO02 CHAPINERO,CAI OXY ENO REPORTADO2,6,2019,10,"4,664632128","-74,05490461"
M. BOGOTÁ,BOGOTÁ D.C. (CT),LOCALIDAD SANTAFE,ARTÍCULO 239. HURTO PERSONAS,CENTRO ENO REPORTADO3,20/7/2019,Julio,Sábado,12:00 NO REPORTADO 17:59,12:30:00 p. m.,MASCULINO,COSQUILLEO,VENEZUELA,TURISTA EXTRANJERO,VIAS PUBLICAS,URBANA,SIN EMPLEO DE ARMAS,21,ADULTOS,SECUNDARIA,ESTACION ENO REPORTADO03 SANTA FE,CAI COLSEGUROS ENO REPORTADO3,7,2019,20,"4,60160835","-74,0733153"
M. BOGOTÁ,BOGOTÁ D.C. (CT),UPZ No. 93 LAS NIEVES ENO REPORTADO3,ARTÍCULO 239. HURTO PERSONAS,VERACRUZ ENO REPORTADO3,15/1/2019,Enero,Martes,12:00 NO REPORTADO 17:59,2:00:00 p. m.,FEMENINO,COSQUILLEO,VENEZUELA,TURISTA EXTRANJERO,RESTAURANTES,URBANA,SIN EMPLEO DE ARMAS,22,ADULTOS,SUPERIOR,ESTACION ENO REPORTADO03 SANTA FE,CAI COLSEGUROS ENO REPORTADO3,1,2019,15,"4,60181025","-74,07303176"
M. BOGOTÁ,BOGOTÁ D.C. (CT),UPZ No. 93 LAS NIEVES ENO REPORTADO3,ARTÍCULO 239. HURTO PERSONAS,LA CAPUCHINA ENO REPORTADO3,19/2/2020,Febrero,Miércoles,12:00 NO REPORTADO 17:59,1:30:00 p. m.,MASCULINO,COSQUILLEO,FRANCIA,TURISTA EXTRANJERO,ESTACION TRANSMILENIO AV JIMENEZ(CRC),URBANA,SIN EMPLEO DE ARMAS,22,ADULTOS,SUPERIOR,ESTACION ENO REPORTADO03 SANTA FE,CAI COLSEGUROS ENO REPORTADO3,2,2020,19,"4,60312751","-74,07911501"
M. BOGOTÁ,BOGOTÁ D.C. (CT),UPZ No. 93 LAS NIEVES ENO REPORTADO3,ARTÍCULO 239. HURTO PERSONAS,VERACRUZ ENO REPORTADO3,17/6/2019,Junio,Lunes,18:00 NO REPORTADO 23:59,8:00:00 p. m.,FEMENINO,COSQUILLEO,VENEZUELA,TURISTA EXTRANJERO,VIAS PUBLICAS,URBANA,SIN EMPLEO DE ARMAS,22,ADULTOS,SUPERIOR,ESTACION ENO REPORTADO03 SANTA FE,CAI COLSEGUROS ENO REPORTADO3,6,2019,17,"4,603356859","-74,07226387"
M. BOGOTÁ,BOGOTÁ D.C. (CT),UPZ No. 94 LA CANDELARIA ENO REPORTADO17,ARTÍCULO 239. HURTO PERSONAS,LA CATEDRAL ENO REPORTADO17,12/1/2020,Enero,Domingo,12:00 NO REPORTADO 17:59,3:00:00 p. m.,MASCULINO,FACTOR DE OPORTUNIDAD,ESTADOS UNIDOS,TURISTA EXTRANJERO,VIAS PUBLICAS,URBANA,SIN EMPLEO DE ARMAS,23,ADULTOS,SECUNDARIA,ESTACION ENO REPORTADO17 CANDELARIA,CAI ROSARIO ENO REPORTADO17,1,2020,12,"4,599076091","-74,07473228"
M. BOGOTÁ,BOGOTÁ D.C. (CT),UPZ No. 93 LAS NIEVES ENO REPORTADO3,ARTÍCULO 239. HURTO PERSONAS,LAS NIEVES ENO REPORTADO3,30/4/2019,Abril,Martes,12:00 NO REPORTADO 17:59,5:00:00 p. m.,FEMENINO,COSQUILLEO,VENEZUELA,TURISTA EXTRANJERO,VIAS PUBLICAS,URBANA,SIN EMPLEO DE ARMAS,23,ADULTOS,SUPERIOR,ESTACION ENO REPORTADO03 SANTA FE,CAI TORRES BLANCAS ENO REPORTADO3,4,2019,30,"4,604650859","-74,07023612"
M. BOGOTÁ,BOGOTÁ D.C. (CT),UPZ No. 93 LAS NIEVES ENO REPORTADO3,ARTÍCULO 239. HURTO PERSONAS,VERACRUZ ENO REPORTADO3,27/7/2019,Julio,Sábado,12:00 NO REPORTADO 17:59,2:40:00 p. m.,MASCULINO,COSQUILLEO,VENEZUELA,TURISTA EXTRANJERO,ALMACENES,URBANA,SIN EMPLEO DE ARMAS,23,ADULTOS,SUPERIOR,ESTACION ENO REPORTADO03 SANTA FE,CAI COLSEGUROS ENO REPORTADO3,7,2019,27,"4,60320714","-74,0722746"
M. BOGOTÁ,BOGOTÁ D.C. (CT),UPZ No. 97 CHICO LAGO ENO REPORTADO2,ARTÍCULO 239. HURTO PERSONAS,EL RETIRO ENO REPORTADO2,7/2/2019,Febrero,Jueves,06:00 NO REPORTADO 11:59,10:30:00 a. m.,FEMENINO,ATRACO,VENEZUELA,TURISTA EXTRANJERO,TRANSPORTE PÚBLICO,URBANA,ARMA BLANCA / CORTOPUNZANTE,24,ADULTOS,SUPERIOR,ESTACION ENO REPORTADO02 CHAPINERO,CAI OXY ENO REPORTADO2,2,2019,7,"4,664928637","-74,04727719"
M. BOGOTÁ,BOGOTÁ D.C. (CT),UPZ No. 94 LA CANDELARIA ENO REPORTADO17,ARTÍCULO 239. HURTO PERSONAS,CANDELARIA ENO REPORTADO17,25/4/2019,Abril,Jueves,12:00 NO REPORTADO 17:59,4:00:00 p. m.,MASCULINO,COSQUILLEO,VENEZUELA,TURISTA EXTRANJERO,VIAS PUBLICAS,URBANA,SIN EMPLEO DE ARMAS,25,ADULTOS,SUPERIOR,ESTACION ENO REPORTADO17 CANDELARIA,CAI BOLIVIA ENO REPORTADO17,4,2019,25,"4,595090173","-74,07843295"
M. BOGOTÁ,BOGOTÁ D.C. (CT),UPZ No. 97 CHICO LAGO ENO REPORTADO2,ARTÍCULO 239. HURTO PERSONAS,EL RETIRO ENO REPORTADO2,23/7/2019,Julio,Martes,18:00 NO REPORTADO 23:59,11:00:00 p. m.,MASCULINO,COSQUILLEO,VENEZUELA,TURISTA EXTRANJERO,"BARES, CANTINAS Y SIMILARES",URBANA,SIN EMPLEO DE ARMAS,25,ADULTOS,TECNICO,ESTACION ENO REPORTADO02 CHAPINERO,CAI OXY ENO REPORTADO2,7,2019,23,"4,668305132","-74,05261401"
M. BOGOTÁ,BOGOTÁ D.C. (CT),LOCALIDAD SANTAFE,ARTÍCULO 239. HURTO PERSONAS,SAN MARTIN ENO REPORTADO3,19/12/2020,Diciembre,Sábado,06:00 NO REPORTADO 11:59,7:30:00 a. m.,FEMENINO,ATRACO,COLOMBIA,TURISTA EXTRANJERO,VIAS PUBLICAS,URBANA,CONTUNDENTES,25,ADULTOS,SUPERIOR,ESTACION ENO REPORTADO03 SANTA FE,CAI SAN DIEGO ENO REPORTADO3,12,2020,19,"4,616670656","-74,06672856"
M. BOGOTÁ,BOGOTÁ D.C. (CT),UPZ No. 11 SAN CRISTOBAL NORTE ENO REPORTADO1,ARTÍCULO 239. HURTO PERSONAS,MODELIA ENO REPORTADO9,3/3/2020,Marzo,Martes,00:00 NO REPORTADO 05:59,2:30:00 a. m.,MASCULINO,USO SUSTANCIAS TOXICAS / ESCOPOLAMINADO,VENEZUELA,TURISTA EXTRANJERO,"BARES, CANTINAS Y SIMILARES",URBANA,CONTUNDENTES,26,ADULTOS,SECUNDARIA,ESTACION ENO REPORTADO09 FONTIBON,CAI MODELIA ENO REPORTADO9,3,2020,3,"4,667568796","-74,11819037"
M. BOGOTÁ,BOGOTÁ D.C. (CT),UPZ No. 94 LA CANDELARIA ENO REPORTADO17,ARTÍCULO 239. HURTO PERSONAS,LAS AGUAS ENO REPORTADO17,29/7/2019,Julio,Lunes,12:00 NO REPORTADO 17:59,3:33:00 p. m.,MASCULINO,ENGAÑO,COLOMBIA,TURISTA EXTRANJERO,VIAS PUBLICAS,URBANA,SIN EMPLEO DE ARMAS,26,ADULTOS,SECUNDARIA,ESTACION ENO REPORTADO17 CANDELARIA,CAI ROSARIO ENO REPORTADO17,7,2019,29,"4,598488129","-74,06721135"
M. BOGOTÁ,BOGOTÁ D.C. (CT),LOCALIDAD CHAPINERO,ARTÍCULO 239. HURTO PERSONAS,EL RETIRO I ENO REPORTADO2,5/5/2019,Mayo,Domingo,18:00 NO REPORTADO 23:59,7:00:00 p. m.,FEMENINO,COSQUILLEO,VENEZUELA,TURISTA EXTRANJERO,VIAS PUBLICAS,URBANA,SIN EMPLEO DE ARMAS,27,ADULTOS,SUPERIOR,ESTACION ENO REPORTADO02 CHAPINERO,CAI OXY ENO REPORTADO2,5,2019,5,"4,66729334","-74,05474714"
M. BOGOTÁ,BOGOTÁ D.C. (CT),UPZ No. 99 CHAPINERO ENO REPORTADO2,ARTÍCULO 239. HURTO PERSONAS,CHAPINERO CENTRAL ENO REPORTADO2,11/1/2020,Enero,Sábado,00:00 NO REPORTADO 05:59,3:00:00 a. m.,MASCULINO,USO SUSTANCIAS TOXICAS / ESCOPOLAMINADO,COLOMBIA,TURISTA EXTRANJERO,"BARES, CANTINAS Y SIMILARES",URBANA,ESCOPOLAMINA,28,ADULTOS,SECUNDARIA,ESTACION ENO REPORTADO02 CHAPINERO,CAI CHAPINERO ENO REPORTADO2,1,2020,11,"4,644993218","-74,06388811"
M. BOGOTÁ,BOGOTÁ D.C. (CT),UPZ No. 93 LAS NIEVES ENO REPORTADO3,ARTÍCULO 239. HURTO PERSONAS,VERACRUZ ENO REPORTADO3,19/4/2019,Abril,Viernes,12:00 NO REPORTADO 17:59,3:30:00 p. m.,FEMENINO,COSQUILLEO,VENEZUELA,TURISTA EXTRANJERO,LOCAL COMERCIAL,URBANA,SIN EMPLEO DE ARMAS,28,ADULTOS,SUPERIOR,ESTACION ENO REPORTADO03 SANTA FE,CAI COLSEGUROS ENO REPORTADO3,4,2019,19,"4,602389031","-74,07483879"
M. BOGOTÁ,BOGOTÁ D.C. (CT),LOCALIDAD SANTAFE,ARTÍCULO 239. HURTO PERSONAS,PARQUE NACIONAL ENO REPORTADO3,22/9/2021,Septiembre,Miércoles,12:00 NO REPORTADO 17:59,3:00:00 p. m.,MASCULINO,COSQUILLEO,COLOMBIA,TURISTA EXTRANJERO,INTERIOR VEHICULO SERVICIO PUBLICO,URBANA,SIN EMPLEO DE ARMAS,28,ADULTOS,SUPERIOR,ESTACION ENO REPORTADO03 SANTA FE,CAI SAN DIEGO ENO REPORTADO3,9,2021,22,"4,623306659","-74,06634155"
M. BOGOTÁ,BOGOTÁ D.C. (CT),UPZ No. 97 CHICO LAGO ENO REPORTADO2,ARTÍCULO 239. HURTO PERSONAS,EL RETIRO ENO REPORTADO2,14/10/2021,Octubre,Jueves,18:00 NO REPORTADO 23:59,11:30:00 p. m.,MASCULINO,ATRACO,COLOMBIA,TURISTA EXTRANJERO,VIAS PUBLICAS,URBANA,ARMA BLANCA / CORTOPUNZANTE,28,ADULTOS,SUPERIOR,ESTACION ENO REPORTADO02 CHAPINERO,CAI OXY ENO REPORTADO2,10,2021,14,"4,667982061","-74,05285073"
M. BOGOTÁ,BOGOTÁ D.C. (CT),LOCALIDAD TEUSAQUILLO,ARTÍCULO 239. HURTO PERSONAS,CHAPINERO SUR OCC. ENO REPORTADO13,25/3/2019,Marzo,Lunes,12:00 NO REPORTADO 17:59,3:00:00 p. m.,MASCULINO,ATRACO,COLOMBIA,TURISTA EXTRANJERO,VIAS PUBLICAS,URBANA,ARMA BLANCA / CORTOPUNZANTE,29,ADULTOS,SUPERIOR,ESTACION ENO REPORTADO13 TEUSAQUILLO,CAI SAN LUIS ENO REPORTADO13,3,2019,25,"4,648949204","-74,0649288"
M. BOGOTÁ,BOGOTÁ D.C. (CT),UPZ No. 95 LAS CRUCES ENO REPORTADO3,ARTÍCULO 239. HURTO PERSONAS,LAS CRUCES ENO REPORTADO3,24/2/2021,Febrero,Miércoles,12:00 NO REPORTADO 17:59,4:00:00 p. m.,FEMENINO,RAPONAZO,NO REPORTADO,TURISTA EXTRANJERO,VIAS PUBLICAS,URBANA,SIN EMPLEO DE ARMAS,30,ADULTOS,SUPERIOR,ESTACION ENO REPORTADO03 SANTA FE,CAI LAS CRUCES ENO REPORTADO3,2,2021,24,"4,588137962","-74,0811841"
M. BOGOTÁ,BOGOTÁ D.C. (CT),UPZ No. 97 CHICO LAGO ENO REPORTADO2,ARTÍCULO 239. HURTO PERSONAS,EL RETIRO ENO REPORTADO2,23/3/2019,Marzo,Sábado,00:00 NO REPORTADO 05:59,3:00:00 a. m.,FEMENINO,COSQUILLEO,VENEZUELA,TURISTA EXTRANJERO,"BARES, CANTINAS Y SIMILARES",URBANA,SIN EMPLEO DE ARMAS,30,ADULTOS,SUPERIOR,ESTACION ENO REPORTADO02 CHAPINERO,CAI OXY ENO REPORTADO2,3,2019,23,"4,667503273","-74,0543038"
M. BOGOTÁ,BOGOTÁ D.C. (CT),UPZ No. 93 LAS NIEVES ENO REPORTADO3,ARTÍCULO 239. HURTO PERSONAS,VERACRUZ ENO REPORTADO3,13/5/2019,Mayo,Lunes,12:00 NO REPORTADO 17:59,3:00:00 p. m.,FEMENINO,RAPONAZO,VENEZUELA,TURISTA EXTRANJERO,VIAS PUBLICAS,URBANA,SIN EMPLEO DE ARMAS,30,ADULTOS,SECUNDARIA,ESTACION ENO REPORTADO03 SANTA FE,CAI COLSEGUROS ENO REPORTADO3,5,2019,13,"4,601419594","-74,06982842"
M. BOGOTÁ,BOGOTÁ D.C. (CT),UPZ No. 91 SAGRADO CORAZON ENO REPORTADO3,ARTÍCULO 239. HURTO PERSONAS,LA MERCED ENO REPORTADO3,10/1/2020,Enero,Viernes,00:00 NO REPORTADO 05:59,3:00:00 a. m.,MASCULINO,ATRACO,ITALIA,TURISTA EXTRANJERO,VIAS PUBLICAS,URBANA,ARMA BLANCA / CORTOPUNZANTE,31,ADULTOS,SUPERIOR,ESTACION ENO REPORTADO03 SANTA FE,CAI SAN DIEGO ENO REPORTADO3,1,2020,10,"4,619245238","-74,06624577"
M. BOGOTÁ,BOGOTÁ D.C. (CT),UPZ No. 94 LA CANDELARIA ENO REPORTADO17,ARTÍCULO 239. HURTO PERSONAS,LAS AGUAS ENO REPORTADO17,29/4/2019,Abril,Lunes,00:00 NO REPORTADO 05:59,4:00:00 a. m.,MASCULINO,COSQUILLEO,VENEZUELA,TURISTA EXTRANJERO,VIAS PUBLICAS,URBANA,SIN EMPLEO DE ARMAS,31,ADULTOS,SUPERIOR,ESTACION ENO REPORTADO17 CANDELARIA,CAI ROSARIO ENO REPORTADO17,4,2019,29,"4,600691318","-74,06895134"
M. BOGOTÁ,BOGOTÁ D.C. (CT),LOCALIDAD CHAPINERO,ARTÍCULO 239. HURTO PERSONAS,SEMINARIO ENO REPORTADO2,15/2/2020,Febrero,Sábado,06:00 NO REPORTADO 11:59,8:30:00 a. m.,MASCULINO,ATRACO,FRANCIA,TURISTA EXTRANJERO,PARQUES,URBANA,ARMA BLANCA / CORTOPUNZANTE,32,ADULTOS,SUPERIOR,ESTACION ENO REPORTADO01 USAQUEN,CAI SANTA BARBARA ENO REPORTADO1,2,2020,15,"4,686026031","-74,01339552"
M. BOGOTÁ,BOGOTÁ D.C. (CT),UPZ No. 107 QUINTA PAREDES ENO REPORTADO13,ARTÍCULO 239. HURTO PERSONAS,CENTRO NARIÑO ENO REPORTADO13,18/10/2021,Octubre,Lunes,12:00 NO REPORTADO 17:59,1:30:00 p. m.,MASCULINO,COSQUILLEO,COLOMBIA,TURISTA EXTRANJERO,LUGAR DE EVENTOS,URBANA,SIN EMPLEO DE ARMAS,33,ADULTOS,SUPERIOR,ESTACION ENO REPORTADO13 TEUSAQUILLO,CAI SOLEDAD ENO REPORTADO13,10,2021,18,"4,629546537","-74,08916179"
M. BOGOTÁ,BOGOTÁ D.C. (CT),UPZ No. 94 LA CANDELARIA ENO REPORTADO17,ARTÍCULO 239. HURTO PERSONAS,LA CATEDRAL ENO REPORTADO17,27/7/2019,Julio,Sábado,00:00 NO REPORTADO 05:59,2:00:00 a. m.,FEMENINO,COSQUILLEO,VENEZUELA,TURISTA EXTRANJERO,"BARES, CANTINAS Y SIMILARES",URBANA,SIN EMPLEO DE ARMAS,36,ADULTOS,SUPERIOR,ESTACION ENO REPORTADO17 CANDELARIA,CAI ROSARIO ENO REPORTADO17,7,2019,27,"4,602233964","-74,07255355"
M. BOGOTÁ,BOGOTÁ D.C. (CT),UPZ No. 94 LA CANDELARIA ENO REPORTADO17,ARTÍCULO 239. HURTO PERSONAS,LA CATEDRAL ENO REPORTADO17,27/7/2019,Julio,Sábado,00:00 NO REPORTADO 05:59,2:00:00 a. m.,FEMENINO,COSQUILLEO,VENEZUELA,TURISTA EXTRANJERO,"BARES, CANTINAS Y SIMILARES",URBANA,SIN EMPLEO DE ARMAS,36,ADULTOS,SUPERIOR,ESTACION ENO REPORTADO17 CANDELARIA,CAI ROSARIO ENO REPORTADO17,7,2019,27,"4,602233964","-74,07255355"
M. BOGOTÁ,BOGOTÁ D.C. (CT),LOCALIDAD CHAPINERO,ARTÍCULO 239. HURTO PERSONAS,CHICO I ENO REPORTADO2,25/2/2019,Febrero,Lunes,18:00 NO REPORTADO 23:59,8:00:00 p. m.,MASCULINO,FACTOR DE OPORTUNIDAD,VENEZUELA,TURISTA EXTRANJERO,"BARES, CANTINAS Y SIMILARES",URBANA,SIN EMPLEO DE ARMAS,43,ADULTOS,SUPERIOR,ESTACION ENO REPORTADO02 CHAPINERO,CAI ESTADERO ENO REPORTADO2,2,2019,25,"4,680872159","-74,04412559"
M. BOGOTÁ,BOGOTÁ D.C. (CT),LOCALIDAD TEUSAQUILLO,ARTÍCULO 239. HURTO PERSONAS,BELALCAZAR ENO REPORTADO13,3/7/2019,Julio,Miércoles,12:00 NO REPORTADO 17:59,2:15:00 p. m.,MASCULINO,RAPONAZO,VENEZUELA,TURISTA EXTRANJERO,VIAS PUBLICAS,URBANA,SIN EMPLEO DE ARMAS,43,ADULTOS,SUPERIOR,ESTACION ENO REPORTADO13 TEUSAQUILLO,CAI GALERIAS ENO REPORTADO13,7,2019,3,"4,634371722","-74,07744131"
M. BOGOTÁ,BOGOTÁ D.C. (CT),UPZ No. 94 LA CANDELARIA ENO REPORTADO17,ARTÍCULO 239. HURTO PERSONAS,CENTRO ADMINISTRATIVO ENO REPORTADO17,20/8/2021,Agosto,Viernes,12:00 NO REPORTADO 17:59,12:00:00 p. m.,FEMENINO,RAPONAZO,COLOMBIA,TURISTA EXTRANJERO,VIAS PUBLICAS,URBANA,SIN EMPLEO DE ARMAS,43,ADULTOS,SUPERIOR,ESTACION ENO REPORTADO17 CANDELARIA,CAI BOLIVIA ENO REPORTADO17,8,2021,20,"4,596822838","-74,07499154"
M. BOGOTÁ,BOGOTÁ D.C. (CT),UPZ No. 95 LAS CRUCES ENO REPORTADO3,ARTÍCULO 239. HURTO PERSONAS,LAS CRUCES ENO REPORTADO3,29/1/2020,Enero,Miércoles,12:00 NO REPORTADO 17:59,3:00:00 p. m.,FEMENINO,ATRACO,COLOMBIA,TURISTA EXTRANJERO,VIAS PUBLICAS,URBANA,SIN EMPLEO DE ARMAS,46,ADULTOS,SUPERIOR,ESTACION ENO REPORTADO03 SANTA FE,CAI LAS CRUCES ENO REPORTADO3,1,2020,29,"4,589729263","-74,07888432"
M. BOGOTÁ,BOGOTÁ D.C. (CT),UPZ No. 93 LAS NIEVES ENO REPORTADO3,ARTÍCULO 239. HURTO PERSONAS,LAS NIEVES ENO REPORTADO3,13/6/2019,Junio,Jueves,12:00 NO REPORTADO 17:59,1:30:00 p. m.,FEMENINO,COSQUILLEO,VENEZUELA,TURISTA EXTRANJERO,VIAS PUBLICAS,URBANA,SIN EMPLEO DE ARMAS,46,ADULTOS,SUPERIOR,ESTACION ENO REPORTADO03 SANTA FE,CAI TORRES BLANCAS ENO REPORTADO3,6,2019,13,"4,60699517","-74,07101473"
M. BOGOTÁ,BOGOTÁ D.C. (CT),UPZ No. 10 LA URIBE ENO REPORTADO1,ARTÍCULO 239. HURTO PERSONAS,VOTO NACIONAL ENO REPORTADO14,3/2/2020,Febrero,Lunes,12:00 NO REPORTADO 17:59,1:00:00 p. m.,MASCULINO,COSQUILLEO,ESTADOS UNIDOS,TURISTA EXTRANJERO,ESTACION TRANSMILENIO AV JIMENEZ(CRC),URBANA,SIN EMPLEO DE ARMAS,57,ADULTOS,SUPERIOR,ESTACION ENO REPORTADO14 MARTIRES,CAI RICAURTE ENO REPORTADO14,2,2020,3,"4,602251605","-74,08118446"
M. BOGOTÁ,BOGOTÁ D.C. (CT),UPZ No. 94 LA CANDELARIA ENO REPORTADO17,ARTÍCULO 239. HURTO PERSONAS,LA CATEDRAL ENO REPORTADO17,12/6/2019,Junio,Miércoles,06:00 NO REPORTADO 11:59,11:00:00 a. m.,MASCULINO,COSQUILLEO,VENEZUELA,TURISTA EXTRANJERO,VIAS PUBLICAS,URBANA,SIN EMPLEO DE ARMAS,60,ADULTOS,TECNICO,ESTACION ENO REPORTADO17 CANDELARIA,CAI ROSARIO ENO REPORTADO17,6,2019,12,"4,597958537","-74,07466522"
M. BOGOTÁ,BOGOTÁ D.C. (CT),UPZ No. 94 LA CANDELARIA ENO REPORTADO17,ARTÍCULO 239. HURTO PERSONAS,LA CONCORDIA ENO REPORTADO17,31/1/2020,Enero,Viernes,12:00 NO REPORTADO 17:59,1:15:00 p. m.,FEMENINO,COSQUILLEO,ESTADOS UNIDOS,TURISTA EXTRANJERO,VIAS PUBLICAS,URBANA,SIN EMPLEO DE ARMAS,61,ADULTOS,SUPERIOR,ESTACION ENO REPORTADO17 CANDELARIA,CAI BOLIVIA ENO REPORTADO17,1,2020,31,"4,594306421","-74,07296202"
M. BOGOTÁ,BOGOTÁ D.C. (CT),UPZ No. 94 LA CANDELARIA ENO REPORTADO17,ARTÍCULO 239. HURTO PERSONAS,LA CATEDRAL ENO REPORTADO17,27/2/2020,Febrero,Jueves,12:00 NO REPORTADO 17:59,2:00:00 p. m.,FEMENINO,COSQUILLEO,PERU,TURISTA EXTRANJERO,VIAS PUBLICAS,URBANA,SIN EMPLEO DE ARMAS,63,ADULTOS,SUPERIOR,ESTACION ENO REPORTADO17 CANDELARIA,CAI ROSARIO ENO REPORTADO17,2,2020,27,"4,600776481","-74,07256773"
M. BOGOTÁ,BOGOTÁ D.C. (CT),UPZ No. 94 LA CANDELARIA ENO REPORTADO17,ARTÍCULO 239. HURTO PERSONAS,LA CATEDRAL ENO REPORTADO17,24/1/2020,Enero,Viernes,12:00 NO REPORTADO 17:59,1:00:00 p. m.,FEMENINO,COSQUILLEO,FRANCIA,TURISTA EXTRANJERO,VIAS PUBLICAS,URBANA,SIN EMPLEO DE ARMAS,64,ADULTOS,SUPERIOR,ESTACION ENO REPORTADO17 CANDELARIA,CAI ROSARIO ENO REPORTADO17,1,2020,24,"4,598116278","-74,07485298"
M. BOGOTÁ,BOGOTÁ D.C. (CT),UPZ No. 93 LAS NIEVES ENO REPORTADO3,ARTÍCULO 239. HURTO PERSONAS,VERACRUZ ENO REPORTADO3,19/2/2019,Febrero,Martes,12:00 NO REPORTADO 17:59,2:00:00 p. m.,FEMENINO,COSQUILLEO,VENEZUELA,TURISTA EXTRANJERO,RESTAURANTES,URBANA,SIN EMPLEO DE ARMAS,64,ADULTOS,SUPERIOR,ESTACION ENO REPORTADO03 SANTA FE,CAI COLSEGUROS ENO REPORTADO3,2,2019,19,"4,601201969","-74,07028172"
M. BOGOTÁ,BOGOTÁ D.C. (CT),UPZ No. 94 LA CANDELARIA ENO REPORTADO17,ARTÍCULO 239. HURTO PERSONAS,LAS AGUAS ENO REPORTADO17,28/4/2019,Abril,Domingo,12:00 NO REPORTADO 17:59,3:00:00 p. m.,FEMENINO,COSQUILLEO,VENEZUELA,TURISTA EXTRANJERO,VIAS PUBLICAS,URBANA,SIN EMPLEO DE ARMAS,64,ADULTOS,SUPERIOR,ESTACION ENO REPORTADO17 CANDELARIA,CAI ROSARIO ENO REPORTADO17,4,2019,28,"4,599704771","-74,0686268"
M. BOGOTÁ,BOGOTÁ D.C. (CT),UPZ No. 94 LA CANDELARIA ENO REPORTADO17,ARTÍCULO 239. HURTO PERSONAS,CANDELARIA ENO REPORTADO17,12/1/2020,Enero,Domingo,12:00 NO REPORTADO 17:59,5:45:00 p. m.,MASCULINO,COSQUILLEO,VENEZUELA,TURISTA EXTRANJERO,VIAS PUBLICAS,URBANA,SIN EMPLEO DE ARMAS,65,ADULTOS,SUPERIOR,ESTACION ENO REPORTADO03 SANTA FE,CAI TORRES BLANCAS ENO REPORTADO3,1,2020,12,"4,609324212","-74,07036487"